{
  "__type__": "cc.SpriteFrame",
  "content": {
    "name": "btn_see",
    "atlas": "",
    "rect": {
      "x": 0,
      "y": 0,
      "width": 106,
      "height": 106
    },
    "offset": {
      "x": 0,
      "y": 0
    },
    "originalSize": {
      "width": 106,
      "height": 106
    },
    "rotated": false,
    "capInsets": [
      0,
      0,
      0,
      0
    ],
    "vertices": {
      "rawPosition": [
        -53,
        -53,
        0,
        53,
        -53,
        0,
        -53,
        53,
        0,
        53,
        53,
        0
      ],
      "indexes": [
        0,
        1,
        2,
        2,
        1,
        3
      ],
      "uv": [
        0,
        106,
        106,
        106,
        0,
        0,
        106,
        0
      ],
      "nuv": [
        0,
        0,
        1,
        0,
        0,
        1,
        1,
        1
      ],
      "minPos": {
        "x": -53,
        "y": -53,
        "z": 0
      },
      "maxPos": {
        "x": 53,
        "y": 53,
        "z": 0
      }
    },
    "texture": "111fa4da-eda4-42e3-9638-69b1646a91f3@6c48a",
    "packable": true,
    "pixelsToUnit": 100,
    "pivot": {
      "x": 0.5,
      "y": 0.5
    },
    "meshType": 0
  }
}