{
  "__type__": "cc.SpriteFrame",
  "content": {
    "name": "task",
    "atlas": "",
    "rect": {
      "x": 2,
      "y": 0,
      "width": 354,
      "height": 339
    },
    "offset": {
      "x": -1.5,
      "y": 1
    },
    "originalSize": {
      "width": 361,
      "height": 341
    },
    "rotated": false,
    "capInsets": [
      0,
      0,
      0,
      0
    ],
    "vertices": {
      "rawPosition": [
        -177,
        -169.5,
        0,
        177,
        -169.5,
        0,
        -177,
        169.5,
        0,
        177,
        169.5,
        0
      ],
      "indexes": [
        0,
        1,
        2,
        2,
        1,
        3
      ],
      "uv": [
        2,
        341,
        356,
        341,
        2,
        2,
        356,
        2
      ],
      "nuv": [
        0.00554016620498615,
        0.005865102639296188,
        0.9861495844875346,
        0.005865102639296188,
        0.00554016620498615,
        1,
        0.9861495844875346,
        1
      ],
      "minPos": {
        "x": -177,
        "y": -169.5,
        "z": 0
      },
      "maxPos": {
        "x": 177,
        "y": 169.5,
        "z": 0
      }
    },
    "texture": "39d1ed94-82e3-4993-b9bb-0101436df000@6c48a",
    "packable": true,
    "pixelsToUnit": 100,
    "pivot": {
      "x": 0.5,
      "y": 0.5
    },
    "meshType": 0
  }
}