{
  "__type__": "cc.SpriteFrame",
  "content": {
    "name": "fanhui",
    "atlas": "",
    "rect": {
      "x": 0,
      "y": 0,
      "width": 63,
      "height": 64
    },
    "offset": {
      "x": 0,
      "y": 0
    },
    "originalSize": {
      "width": 63,
      "height": 64
    },
    "rotated": false,
    "capInsets": [
      0,
      0,
      0,
      0
    ],
    "vertices": {
      "rawPosition": [
        -31.5,
        -32,
        0,
        31.5,
        -32,
        0,
        -31.5,
        32,
        0,
        31.5,
        32,
        0
      ],
      "indexes": [
        0,
        1,
        2,
        2,
        1,
        3
      ],
      "uv": [
        0,
        64,
        63,
        64,
        0,
        0,
        63,
        0
      ],
      "nuv": [
        0,
        0,
        1,
        0,
        0,
        1,
        1,
        1
      ],
      "minPos": {
        "x": -31.5,
        "y": -32,
        "z": 0
      },
      "maxPos": {
        "x": 31.5,
        "y": 32,
        "z": 0
      }
    },
    "texture": "352bbbdd-5f48-4be1-b41d-815b6fbfe641@6c48a",
    "packable": true,
    "pixelsToUnit": 100,
    "pivot": {
      "x": 0.5,
      "y": 0.5
    },
    "meshType": 0
  }
}