{
  "__type__": "cc.SpriteFrame",
  "content": {
    "name": "dban2",
    "atlas": "",
    "rect": {
      "x": 0,
      "y": 0,
      "width": 174,
      "height": 49
    },
    "offset": {
      "x": 0,
      "y": 0
    },
    "originalSize": {
      "width": 174,
      "height": 49
    },
    "rotated": false,
    "capInsets": [
      0,
      0,
      0,
      0
    ],
    "vertices": {
      "rawPosition": [
        -87,
        -24.5,
        0,
        87,
        -24.5,
        0,
        -87,
        24.5,
        0,
        87,
        24.5,
        0
      ],
      "indexes": [
        0,
        1,
        2,
        2,
        1,
        3
      ],
      "uv": [
        0,
        49,
        174,
        49,
        0,
        0,
        174,
        0
      ],
      "nuv": [
        0,
        0,
        1,
        0,
        0,
        1,
        1,
        1
      ],
      "minPos": {
        "x": -87,
        "y": -24.5,
        "z": 0
      },
      "maxPos": {
        "x": 87,
        "y": 24.5,
        "z": 0
      }
    },
    "texture": "28feaa8f-49e7-4264-a881-78d94373bc12@6c48a",
    "packable": true,
    "pixelsToUnit": 100,
    "pivot": {
      "x": 0.5,
      "y": 0.5
    },
    "meshType": 0
  }
}