{
  "__type__": "cc.SpriteFrame",
  "content": {
    "name": "0x34",
    "atlas": "",
    "rect": {
      "x": 0,
      "y": 0,
      "width": 127,
      "height": 171
    },
    "offset": {
      "x": 0,
      "y": 0
    },
    "originalSize": {
      "width": 127,
      "height": 171
    },
    "rotated": false,
    "capInsets": [
      0,
      0,
      0,
      0
    ],
    "vertices": {
      "rawPosition": [
        -63.5,
        -85.5,
        0,
        63.5,
        -85.5,
        0,
        -63.5,
        85.5,
        0,
        63.5,
        85.5,
        0
      ],
      "indexes": [
        0,
        1,
        2,
        2,
        1,
        3
      ],
      "uv": [
        0,
        171,
        127,
        171,
        0,
        0,
        127,
        0
      ],
      "nuv": [
        0,
        0,
        1,
        0,
        0,
        1,
        1,
        1
      ],
      "minPos": {
        "x": -63.5,
        "y": -85.5,
        "z": 0
      },
      "maxPos": {
        "x": 63.5,
        "y": 85.5,
        "z": 0
      }
    },
    "texture": "3276d3d5-0f9f-4e69-bcd2-4b327c419d1f@6c48a",
    "packable": true,
    "pixelsToUnit": 100,
    "pivot": {
      "x": 0.5,
      "y": 0.5
    },
    "meshType": 0
  }
}