{
  "__type__": "cc.SpriteFrame",
  "content": {
    "name": "renwu",
    "atlas": "",
    "rect": {
      "x": 87,
      "y": 0,
      "width": 377,
      "height": 656
    },
    "offset": {
      "x": 14.5,
      "y": 0
    },
    "originalSize": {
      "width": 522,
      "height": 656
    },
    "rotated": false,
    "capInsets": [
      0,
      0,
      0,
      0
    ],
    "vertices": {
      "rawPosition": [
        -188.5,
        -328,
        0,
        188.5,
        -328,
        0,
        -188.5,
        328,
        0,
        188.5,
        328,
        0
      ],
      "indexes": [
        0,
        1,
        2,
        2,
        1,
        3
      ],
      "uv": [
        87,
        656,
        464,
        656,
        87,
        0,
        464,
        0
      ],
      "nuv": [
        0.16666666666666666,
        0,
        0.8888888888888888,
        0,
        0.16666666666666666,
        1,
        0.8888888888888888,
        1
      ],
      "minPos": {
        "x": -188.5,
        "y": -328,
        "z": 0
      },
      "maxPos": {
        "x": 188.5,
        "y": 328,
        "z": 0
      }
    },
    "texture": "32833a9f-536f-4f02-a8e2-00b26cb4ce98@6c48a",
    "packable": true,
    "pixelsToUnit": 100,
    "pivot": {
      "x": 0.5,
      "y": 0.5
    },
    "meshType": 0
  }
}