{
  "__type__": "cc.SpriteFrame",
  "content": {
    "name": "jbk",
    "atlas": "",
    "rect": {
      "x": 0,
      "y": 0,
      "width": 77,
      "height": 24
    },
    "offset": {
      "x": 0,
      "y": 0
    },
    "originalSize": {
      "width": 77,
      "height": 24
    },
    "rotated": false,
    "capInsets": [
      0,
      0,
      0,
      0
    ],
    "vertices": {
      "rawPosition": [
        -38.5,
        -12,
        0,
        38.5,
        -12,
        0,
        -38.5,
        12,
        0,
        38.5,
        12,
        0
      ],
      "indexes": [
        0,
        1,
        2,
        2,
        1,
        3
      ],
      "uv": [
        0,
        24,
        77,
        24,
        0,
        0,
        77,
        0
      ],
      "nuv": [
        0,
        0,
        1,
        0,
        0,
        1,
        1,
        1
      ],
      "minPos": {
        "x": -38.5,
        "y": -12,
        "z": 0
      },
      "maxPos": {
        "x": 38.5,
        "y": 12,
        "z": 0
      }
    },
    "texture": "0c7c95b3-cf1b-4414-8483-40c7f796d90b@6c48a",
    "packable": true,
    "pixelsToUnit": 100,
    "pivot": {
      "x": 0.5,
      "y": 0.5
    },
    "meshType": 0
  }
}