{
  "__type__": "cc.SpriteFrame",
  "content": {
    "name": "paibei",
    "atlas": "",
    "rect": {
      "x": 0,
      "y": 0,
      "width": 129,
      "height": 186
    },
    "offset": {
      "x": 0,
      "y": 0
    },
    "originalSize": {
      "width": 129,
      "height": 186
    },
    "rotated": false,
    "capInsets": [
      0,
      0,
      0,
      0
    ],
    "vertices": {
      "rawPosition": [
        -64.5,
        -93,
        0,
        64.5,
        -93,
        0,
        -64.5,
        93,
        0,
        64.5,
        93,
        0
      ],
      "indexes": [
        0,
        1,
        2,
        2,
        1,
        3
      ],
      "uv": [
        0,
        186,
        129,
        186,
        0,
        0,
        129,
        0
      ],
      "nuv": [
        0,
        0,
        1,
        0,
        0,
        1,
        1,
        1
      ],
      "minPos": {
        "x": -64.5,
        "y": -93,
        "z": 0
      },
      "maxPos": {
        "x": 64.5,
        "y": 93,
        "z": 0
      }
    },
    "texture": "1f392238-9d22-4012-9bf2-0aeff975c502@6c48a",
    "packable": true,
    "pixelsToUnit": 100,
    "pivot": {
      "x": 0.5,
      "y": 0.5
    },
    "meshType": 0
  }
}