{
  "__type__": "cc.SpriteFrame",
  "content": {
    "name": "icon",
    "atlas": "",
    "rect": {
      "x": 0,
      "y": 1,
      "width": 375,
      "height": 321
    },
    "offset": {
      "x": 0,
      "y": -0.5
    },
    "originalSize": {
      "width": 375,
      "height": 322
    },
    "rotated": false,
    "capInsets": [
      0,
      0,
      0,
      0
    ],
    "vertices": {
      "rawPosition": [
        -187.5,
        -160.5,
        0,
        187.5,
        -160.5,
        0,
        -187.5,
        160.5,
        0,
        187.5,
        160.5,
        0
      ],
      "indexes": [
        0,
        1,
        2,
        2,
        1,
        3
      ],
      "uv": [
        0,
        321,
        375,
        321,
        0,
        0,
        375,
        0
      ],
      "nuv": [
        0,
        0,
        1,
        0,
        0,
        0.9968944099378882,
        1,
        0.9968944099378882
      ],
      "minPos": {
        "x": -187.5,
        "y": -160.5,
        "z": 0
      },
      "maxPos": {
        "x": 187.5,
        "y": 160.5,
        "z": 0
      }
    },
    "texture": "3f903e2a-0f03-434a-87ce-c6332777f1ba@6c48a",
    "packable": true,
    "pixelsToUnit": 100,
    "pivot": {
      "x": 0.5,
      "y": 0.5
    },
    "meshType": 0
  }
}