{
  "__type__": "cc.SpriteFrame",
  "content": {
    "name": "djs",
    "atlas": "",
    "rect": {
      "x": 0,
      "y": 0,
      "width": 90,
      "height": 90
    },
    "offset": {
      "x": 0,
      "y": 0
    },
    "originalSize": {
      "width": 90,
      "height": 90
    },
    "rotated": false,
    "capInsets": [
      0,
      0,
      0,
      0
    ],
    "vertices": {
      "rawPosition": [
        -45,
        -45,
        0,
        45,
        -45,
        0,
        -45,
        45,
        0,
        45,
        45,
        0
      ],
      "indexes": [
        0,
        1,
        2,
        2,
        1,
        3
      ],
      "uv": [
        0,
        90,
        90,
        90,
        0,
        0,
        90,
        0
      ],
      "nuv": [
        0,
        0,
        1,
        0,
        0,
        1,
        1,
        1
      ],
      "minPos": {
        "x": -45,
        "y": -45,
        "z": 0
      },
      "maxPos": {
        "x": 45,
        "y": 45,
        "z": 0
      }
    },
    "texture": "3100d045-e25e-43c4-9d7a-b93174a07189@6c48a",
    "packable": true,
    "pixelsToUnit": 100,
    "pivot": {
      "x": 0.5,
      "y": 0.5
    },
    "meshType": 0
  }
}