{
  "__type__": "cc.SpriteFrame",
  "content": {
    "name": "pure sequence",
    "atlas": "",
    "rect": {
      "x": 0,
      "y": 0,
      "width": 245,
      "height": 34
    },
    "offset": {
      "x": 0,
      "y": 0
    },
    "originalSize": {
      "width": 245,
      "height": 34
    },
    "rotated": false,
    "capInsets": [
      0,
      0,
      0,
      0
    ],
    "vertices": {
      "rawPosition": [
        -122.5,
        -17,
        0,
        122.5,
        -17,
        0,
        -122.5,
        17,
        0,
        122.5,
        17,
        0
      ],
      "indexes": [
        0,
        1,
        2,
        2,
        1,
        3
      ],
      "uv": [
        0,
        34,
        245,
        34,
        0,
        0,
        245,
        0
      ],
      "nuv": [
        0,
        0,
        1,
        0,
        0,
        1,
        1,
        1
      ],
      "minPos": {
        "x": -122.5,
        "y": -17,
        "z": 0
      },
      "maxPos": {
        "x": 122.5,
        "y": 17,
        "z": 0
      }
    },
    "texture": "312a19af-1213-45bd-b365-cb925ef84b4d@6c48a",
    "packable": true,
    "pixelsToUnit": 100,
    "pivot": {
      "x": 0.5,
      "y": 0.5
    },
    "meshType": 0
  }
}