{
  "__type__": "cc.SpriteFrame",
  "content": {
    "name": "fanhui",
    "atlas": "",
    "rect": {
      "x": 0,
      "y": 0,
      "width": 79,
      "height": 77
    },
    "offset": {
      "x": 0,
      "y": 0
    },
    "originalSize": {
      "width": 79,
      "height": 77
    },
    "rotated": false,
    "capInsets": [
      0,
      0,
      0,
      0
    ],
    "vertices": {
      "rawPosition": [
        -39.5,
        -38.5,
        0,
        39.5,
        -38.5,
        0,
        -39.5,
        38.5,
        0,
        39.5,
        38.5,
        0
      ],
      "indexes": [
        0,
        1,
        2,
        2,
        1,
        3
      ],
      "uv": [
        0,
        77,
        79,
        77,
        0,
        0,
        79,
        0
      ],
      "nuv": [
        0,
        0,
        1,
        0,
        0,
        1,
        1,
        1
      ],
      "minPos": {
        "x": -39.5,
        "y": -38.5,
        "z": 0
      },
      "maxPos": {
        "x": 39.5,
        "y": 38.5,
        "z": 0
      }
    },
    "texture": "1a3c5d5d-9876-4923-866e-63ab785a0ed1@6c48a",
    "packable": true,
    "pixelsToUnit": 100,
    "pivot": {
      "x": 0.5,
      "y": 0.5
    },
    "meshType": 0
  }
}