{
  "__type__": "cc.SpriteFrame",
  "content": {
    "name": "3",
    "atlas": "",
    "rect": {
      "x": 0,
      "y": 0,
      "width": 200,
      "height": 200
    },
    "offset": {
      "x": 0,
      "y": 0
    },
    "originalSize": {
      "width": 200,
      "height": 200
    },
    "rotated": false,
    "capInsets": [
      0,
      0,
      0,
      0
    ],
    "vertices": {
      "rawPosition": [
        -100,
        -100,
        0,
        100,
        -100,
        0,
        -100,
        100,
        0,
        100,
        100,
        0
      ],
      "indexes": [
        0,
        1,
        2,
        2,
        1,
        3
      ],
      "uv": [
        0,
        200,
        200,
        200,
        0,
        0,
        200,
        0
      ],
      "nuv": [
        0,
        0,
        1,
        0,
        0,
        1,
        1,
        1
      ],
      "minPos": {
        "x": -100,
        "y": -100,
        "z": 0
      },
      "maxPos": {
        "x": 100,
        "y": 100,
        "z": 0
      }
    },
    "texture": "1a7763f4-69a4-4415-a58c-50f996a210dc@6c48a",
    "packable": true,
    "pixelsToUnit": 100,
    "pivot": {
      "x": 0.5,
      "y": 0.5
    },
    "meshType": 0
  }
}