{
  "__type__": "cc.SpriteFrame",
  "content": {
    "name": "0x03",
    "atlas": "",
    "rect": {
      "x": 0,
      "y": 0,
      "width": 124,
      "height": 170
    },
    "offset": {
      "x": 0,
      "y": 0
    },
    "originalSize": {
      "width": 124,
      "height": 170
    },
    "rotated": false,
    "capInsets": [
      0,
      0,
      0,
      0
    ],
    "vertices": {
      "rawPosition": [
        -62,
        -85,
        0,
        62,
        -85,
        0,
        -62,
        85,
        0,
        62,
        85,
        0
      ],
      "indexes": [
        0,
        1,
        2,
        2,
        1,
        3
      ],
      "uv": [
        0,
        170,
        124,
        170,
        0,
        0,
        124,
        0
      ],
      "nuv": [
        0,
        0,
        1,
        0,
        0,
        1,
        1,
        1
      ],
      "minPos": {
        "x": -62,
        "y": -85,
        "z": 0
      },
      "maxPos": {
        "x": 62,
        "y": 85,
        "z": 0
      }
    },
    "texture": "09de486d-b0c2-4c07-9ec3-e60ca8a67c38@6c48a",
    "packable": true,
    "pixelsToUnit": 100,
    "pivot": {
      "x": 0.5,
      "y": 0.5
    },
    "meshType": 0
  }
}