{
  "__type__": "cc.SpriteFrame",
  "content": {
    "name": "lose",
    "atlas": "",
    "rect": {
      "x": 0,
      "y": 0,
      "width": 83,
      "height": 26
    },
    "offset": {
      "x": 0,
      "y": 0
    },
    "originalSize": {
      "width": 83,
      "height": 26
    },
    "rotated": false,
    "capInsets": [
      0,
      0,
      0,
      0
    ],
    "vertices": {
      "rawPosition": [
        -41.5,
        -13,
        0,
        41.5,
        -13,
        0,
        -41.5,
        13,
        0,
        41.5,
        13,
        0
      ],
      "indexes": [
        0,
        1,
        2,
        2,
        1,
        3
      ],
      "uv": [
        0,
        26,
        83,
        26,
        0,
        0,
        83,
        0
      ],
      "nuv": [
        0,
        0,
        1,
        0,
        0,
        1,
        1,
        1
      ],
      "minPos": {
        "x": -41.5,
        "y": -13,
        "z": 0
      },
      "maxPos": {
        "x": 41.5,
        "y": 13,
        "z": 0
      }
    },
    "texture": "17033a3b-f68c-4c11-afd1-a34aa879ef48@6c48a",
    "packable": true,
    "pixelsToUnit": 100,
    "pivot": {
      "x": 0.5,
      "y": 0.5
    },
    "meshType": 0
  }
}