{
  "__type__": "cc.SpriteFrame",
  "content": {
    "name": "wuefu",
    "atlas": "",
    "rect": {
      "x": 0,
      "y": 0,
      "width": 761,
      "height": 52
    },
    "offset": {
      "x": 0,
      "y": 0
    },
    "originalSize": {
      "width": 761,
      "height": 52
    },
    "rotated": false,
    "capInsets": [
      0,
      0,
      0,
      0
    ],
    "vertices": {
      "rawPosition": [
        -380.5,
        -26,
        0,
        380.5,
        -26,
        0,
        -380.5,
        26,
        0,
        380.5,
        26,
        0
      ],
      "indexes": [
        0,
        1,
        2,
        2,
        1,
        3
      ],
      "uv": [
        0,
        52,
        761,
        52,
        0,
        0,
        761,
        0
      ],
      "nuv": [
        0,
        0,
        1,
        0,
        0,
        1,
        1,
        1
      ],
      "minPos": {
        "x": -380.5,
        "y": -26,
        "z": 0
      },
      "maxPos": {
        "x": 380.5,
        "y": 26,
        "z": 0
      }
    },
    "texture": "1424cdb9-7e74-460b-ad9b-1eae4778bf81@6c48a",
    "packable": true,
    "pixelsToUnit": 100,
    "pivot": {
      "x": 0.5,
      "y": 0.5
    },
    "meshType": 0
  }
}