{
  "__type__": "cc.SpriteFrame",
  "content": {
    "name": "txk",
    "atlas": "",
    "rect": {
      "x": 0,
      "y": 0,
      "width": 148,
      "height": 131
    },
    "offset": {
      "x": 0,
      "y": 0
    },
    "originalSize": {
      "width": 148,
      "height": 131
    },
    "rotated": false,
    "capInsets": [
      0,
      0,
      0,
      0
    ],
    "vertices": {
      "rawPosition": [
        -74,
        -65.5,
        0,
        74,
        -65.5,
        0,
        -74,
        65.5,
        0,
        74,
        65.5,
        0
      ],
      "indexes": [
        0,
        1,
        2,
        2,
        1,
        3
      ],
      "uv": [
        0,
        131,
        148,
        131,
        0,
        0,
        148,
        0
      ],
      "nuv": [
        0,
        0,
        1,
        0,
        0,
        1,
        1,
        1
      ],
      "minPos": {
        "x": -74,
        "y": -65.5,
        "z": 0
      },
      "maxPos": {
        "x": 74,
        "y": 65.5,
        "z": 0
      }
    },
    "texture": "143a78ce-f41f-4f1e-a637-054d894572d6@6c48a",
    "packable": true,
    "pixelsToUnit": 100,
    "pivot": {
      "x": 0.5,
      "y": 0.5
    },
    "meshType": 0
  }
}