{
  "__type__": "cc.SpriteFrame",
  "content": {
    "name": "0x06",
    "atlas": "",
    "rect": {
      "x": 0,
      "y": 0,
      "width": 124,
      "height": 169
    },
    "offset": {
      "x": 0,
      "y": 0
    },
    "originalSize": {
      "width": 124,
      "height": 169
    },
    "rotated": false,
    "capInsets": [
      0,
      0,
      0,
      0
    ],
    "vertices": {
      "rawPosition": [
        -62,
        -84.5,
        0,
        62,
        -84.5,
        0,
        -62,
        84.5,
        0,
        62,
        84.5,
        0
      ],
      "indexes": [
        0,
        1,
        2,
        2,
        1,
        3
      ],
      "uv": [
        0,
        169,
        124,
        169,
        0,
        0,
        124,
        0
      ],
      "nuv": [
        0,
        0,
        1,
        0,
        0,
        1,
        1,
        1
      ],
      "minPos": {
        "x": -62,
        "y": -84.5,
        "z": 0
      },
      "maxPos": {
        "x": 62,
        "y": 84.5,
        "z": 0
      }
    },
    "texture": "1b2e0e61-fe28-48a0-b241-d595f00c35e1@6c48a",
    "packable": true,
    "pixelsToUnit": 100,
    "pivot": {
      "x": 0.5,
      "y": 0.5
    },
    "meshType": 0
  }
}