{
  "__type__": "cc.SpriteFrame",
  "content": {
    "name": "0x37",
    "atlas": "",
    "rect": {
      "x": 0,
      "y": 0,
      "width": 127,
      "height": 169
    },
    "offset": {
      "x": 0,
      "y": 0
    },
    "originalSize": {
      "width": 127,
      "height": 169
    },
    "rotated": false,
    "capInsets": [
      0,
      0,
      0,
      0
    ],
    "vertices": {
      "rawPosition": [
        -63.5,
        -84.5,
        0,
        63.5,
        -84.5,
        0,
        -63.5,
        84.5,
        0,
        63.5,
        84.5,
        0
      ],
      "indexes": [
        0,
        1,
        2,
        2,
        1,
        3
      ],
      "uv": [
        0,
        169,
        127,
        169,
        0,
        0,
        127,
        0
      ],
      "nuv": [
        0,
        0,
        1,
        0,
        0,
        1,
        1,
        1
      ],
      "minPos": {
        "x": -63.5,
        "y": -84.5,
        "z": 0
      },
      "maxPos": {
        "x": 63.5,
        "y": 84.5,
        "z": 0
      }
    },
    "texture": "0f87af44-1ac0-4172-9de3-65b4e2e316e6@6c48a",
    "packable": true,
    "pixelsToUnit": 100,
    "pivot": {
      "x": 0.5,
      "y": 0.5
    },
    "meshType": 0
  }
}