{
  "__type__": "cc.SpriteFrame",
  "content": {
    "name": "patti",
    "atlas": "",
    "rect": {
      "x": 0,
      "y": 0,
      "width": 331,
      "height": 358
    },
    "offset": {
      "x": 0,
      "y": 0
    },
    "originalSize": {
      "width": 331,
      "height": 358
    },
    "rotated": false,
    "capInsets": [
      0,
      0,
      0,
      0
    ],
    "vertices": {
      "rawPosition": [
        -165.5,
        -179,
        0,
        165.5,
        -179,
        0,
        -165.5,
        179,
        0,
        165.5,
        179,
        0
      ],
      "indexes": [
        0,
        1,
        2,
        2,
        1,
        3
      ],
      "uv": [
        0,
        358,
        331,
        358,
        0,
        0,
        331,
        0
      ],
      "nuv": [
        0,
        0,
        1,
        0,
        0,
        1,
        1,
        1
      ],
      "minPos": {
        "x": -165.5,
        "y": -179,
        "z": 0
      },
      "maxPos": {
        "x": 165.5,
        "y": 179,
        "z": 0
      }
    },
    "texture": "2a0bfc23-3c69-4dfe-9418-0abce8757a2e@6c48a",
    "packable": true,
    "pixelsToUnit": 100,
    "pivot": {
      "x": 0.5,
      "y": 0.5
    },
    "meshType": 0
  }
}