{
  "__type__": "cc.SpriteFrame",
  "content": {
    "name": "jiazai2",
    "atlas": "",
    "rect": {
      "x": 0,
      "y": 0,
      "width": 1010,
      "height": 26
    },
    "offset": {
      "x": 0,
      "y": 0
    },
    "originalSize": {
      "width": 1010,
      "height": 26
    },
    "rotated": false,
    "capInsets": [
      0,
      0,
      0,
      0
    ],
    "vertices": {
      "rawPosition": [
        -505,
        -13,
        0,
        505,
        -13,
        0,
        -505,
        13,
        0,
        505,
        13,
        0
      ],
      "indexes": [
        0,
        1,
        2,
        2,
        1,
        3
      ],
      "uv": [
        0,
        26,
        1010,
        26,
        0,
        0,
        1010,
        0
      ],
      "nuv": [
        0,
        0,
        1,
        0,
        0,
        1,
        1,
        1
      ],
      "minPos": {
        "x": -505,
        "y": -13,
        "z": 0
      },
      "maxPos": {
        "x": 505,
        "y": 13,
        "z": 0
      }
    },
    "texture": "1d05b584-8409-4f10-b178-7abfdd2bd00e@6c48a",
    "packable": true,
    "pixelsToUnit": 100,
    "pivot": {
      "x": 0.5,
      "y": 0.5
    },
    "meshType": 0
  }
}