{
  "__type__": "cc.SpriteFrame",
  "content": {
    "name": "zs",
    "atlas": "",
    "rect": {
      "x": 0,
      "y": 0,
      "width": 66,
      "height": 56
    },
    "offset": {
      "x": 0,
      "y": 0
    },
    "originalSize": {
      "width": 66,
      "height": 56
    },
    "rotated": false,
    "capInsets": [
      0,
      0,
      0,
      0
    ],
    "vertices": {
      "rawPosition": [
        -33,
        -28,
        0,
        33,
        -28,
        0,
        -33,
        28,
        0,
        33,
        28,
        0
      ],
      "indexes": [
        0,
        1,
        2,
        2,
        1,
        3
      ],
      "uv": [
        0,
        56,
        66,
        56,
        0,
        0,
        66,
        0
      ],
      "nuv": [
        0,
        0,
        1,
        0,
        0,
        1,
        1,
        1
      ],
      "minPos": {
        "x": -33,
        "y": -28,
        "z": 0
      },
      "maxPos": {
        "x": 33,
        "y": 28,
        "z": 0
      }
    },
    "texture": "2fcd8f34-baea-4954-bce4-1ad189282217@6c48a",
    "packable": true,
    "pixelsToUnit": 100,
    "pivot": {
      "x": 0.5,
      "y": 0.5
    },
    "meshType": 0
  }
}