{
  "__type__": "cc.SpriteFrame",
  "content": {
    "name": "dban3",
    "atlas": "",
    "rect": {
      "x": 0,
      "y": 0,
      "width": 256,
      "height": 52
    },
    "offset": {
      "x": 0,
      "y": 0
    },
    "originalSize": {
      "width": 256,
      "height": 52
    },
    "rotated": false,
    "capInsets": [
      0,
      0,
      0,
      0
    ],
    "vertices": {
      "rawPosition": [
        -128,
        -26,
        0,
        128,
        -26,
        0,
        -128,
        26,
        0,
        128,
        26,
        0
      ],
      "indexes": [
        0,
        1,
        2,
        2,
        1,
        3
      ],
      "uv": [
        0,
        52,
        256,
        52,
        0,
        0,
        256,
        0
      ],
      "nuv": [
        0,
        0,
        1,
        0,
        0,
        1,
        1,
        1
      ],
      "minPos": {
        "x": -128,
        "y": -26,
        "z": 0
      },
      "maxPos": {
        "x": 128,
        "y": 26,
        "z": 0
      }
    },
    "texture": "3c4512f2-0b60-43ae-9d5c-2da1b6cef2f3@6c48a",
    "packable": true,
    "pixelsToUnit": 100,
    "pivot": {
      "x": 0.5,
      "y": 0.5
    },
    "meshType": 0
  }
}