{
  "__type__": "cc.SpriteFrame",
  "content": {
    "name": "mzk",
    "atlas": "",
    "rect": {
      "x": 0,
      "y": 0,
      "width": 198,
      "height": 39
    },
    "offset": {
      "x": 0,
      "y": 0
    },
    "originalSize": {
      "width": 198,
      "height": 39
    },
    "rotated": false,
    "capInsets": [
      0,
      0,
      0,
      0
    ],
    "vertices": {
      "rawPosition": [
        -99,
        -19.5,
        0,
        99,
        -19.5,
        0,
        -99,
        19.5,
        0,
        99,
        19.5,
        0
      ],
      "indexes": [
        0,
        1,
        2,
        2,
        1,
        3
      ],
      "uv": [
        0,
        39,
        198,
        39,
        0,
        0,
        198,
        0
      ],
      "nuv": [
        0,
        0,
        1,
        0,
        0,
        1,
        1,
        1
      ],
      "minPos": {
        "x": -99,
        "y": -19.5,
        "z": 0
      },
      "maxPos": {
        "x": 99,
        "y": 19.5,
        "z": 0
      }
    },
    "texture": "2644bf82-68ca-415c-a5f1-05e65f4f6103@6c48a",
    "packable": true,
    "pixelsToUnit": 100,
    "pivot": {
      "x": 0.5,
      "y": 0.5
    },
    "meshType": 0
  }
}