{
  "__type__": "cc.SpriteFrame",
  "content": {
    "name": "jb",
    "atlas": "",
    "rect": {
      "x": 0,
      "y": 0,
      "width": 30,
      "height": 22
    },
    "offset": {
      "x": 0,
      "y": 0
    },
    "originalSize": {
      "width": 30,
      "height": 22
    },
    "rotated": false,
    "capInsets": [
      0,
      0,
      0,
      0
    ],
    "vertices": {
      "rawPosition": [
        -15,
        -11,
        0,
        15,
        -11,
        0,
        -15,
        11,
        0,
        15,
        11,
        0
      ],
      "indexes": [
        0,
        1,
        2,
        2,
        1,
        3
      ],
      "uv": [
        0,
        22,
        30,
        22,
        0,
        0,
        30,
        0
      ],
      "nuv": [
        0,
        0,
        1,
        0,
        0,
        1,
        1,
        1
      ],
      "minPos": {
        "x": -15,
        "y": -11,
        "z": 0
      },
      "maxPos": {
        "x": 15,
        "y": 11,
        "z": 0
      }
    },
    "texture": "26490dd2-e21b-44ff-aa58-22f016c1936d@6c48a",
    "packable": true,
    "pixelsToUnit": 100,
    "pivot": {
      "x": 0.5,
      "y": 0.5
    },
    "meshType": 0
  }
}