{
  "__type__": "cc.SpriteFrame",
  "content": {
    "name": "bg",
    "atlas": "",
    "rect": {
      "x": 0,
      "y": 0,
      "width": 1334,
      "height": 750
    },
    "offset": {
      "x": 0,
      "y": 0
    },
    "originalSize": {
      "width": 1334,
      "height": 750
    },
    "rotated": false,
    "capInsets": [
      0,
      0,
      0,
      0
    ],
    "vertices": {
      "rawPosition": [
        -667,
        -375,
        0,
        667,
        -375,
        0,
        -667,
        375,
        0,
        667,
        375,
        0
      ],
      "indexes": [
        0,
        1,
        2,
        2,
        1,
        3
      ],
      "uv": [
        0,
        750,
        1334,
        750,
        0,
        0,
        1334,
        0
      ],
      "nuv": [
        0,
        0,
        1,
        0,
        0,
        1,
        1,
        1
      ],
      "minPos": {
        "x": -667,
        "y": -375,
        "z": 0
      },
      "maxPos": {
        "x": 667,
        "y": 375,
        "z": 0
      }
    },
    "texture": "3301da10-fc04-442d-a4a1-2d41cd572e90@6c48a",
    "packable": true,
    "pixelsToUnit": 100,
    "pivot": {
      "x": 0.5,
      "y": 0.5
    },
    "meshType": 0
  }
}