{
  "__type__": "cc.SpriteFrame",
  "content": {
    "name": "login",
    "atlas": "",
    "rect": {
      "x": 0,
      "y": 0,
      "width": 303,
      "height": 122
    },
    "offset": {
      "x": 0,
      "y": 0
    },
    "originalSize": {
      "width": 303,
      "height": 122
    },
    "rotated": false,
    "capInsets": [
      0,
      0,
      0,
      0
    ],
    "vertices": {
      "rawPosition": [
        -151.5,
        -61,
        0,
        151.5,
        -61,
        0,
        -151.5,
        61,
        0,
        151.5,
        61,
        0
      ],
      "indexes": [
        0,
        1,
        2,
        2,
        1,
        3
      ],
      "uv": [
        0,
        122,
        303,
        122,
        0,
        0,
        303,
        0
      ],
      "nuv": [
        0,
        0,
        1,
        0,
        0,
        1,
        1,
        1
      ],
      "minPos": {
        "x": -151.5,
        "y": -61,
        "z": 0
      },
      "maxPos": {
        "x": 151.5,
        "y": 61,
        "z": 0
      }
    },
    "texture": "1cf937a1-c5e1-4cdd-92d6-34cc4b1bf958@6c48a",
    "packable": true,
    "pixelsToUnit": 100,
    "pivot": {
      "x": 0.5,
      "y": 0.5
    },
    "meshType": 0
  }
}