{
  "E:\\A2\\A20230705_39_TeenPatti3A\\assets\\dtmsjr1.scene.meta": {
    "time": 1688537068153.6475
  },
  "E:\\A2\\A20230705_39_TeenPatti3A\\assets\\dtmsjr1.scene": {
    "time": 1688549990549.4949,
    "uuid": "0a3050f6-9665-44ed-99b3-47598a8581f2",
    "missing": true
  },
  "E:\\A2\\A20230705_39_TeenPatti3A\\assets\\res.meta": {
    "time": 1688537243572.3347
  },
  "E:\\A2\\A20230705_39_TeenPatti3A\\assets\\res": {
    "time": 1688539849589.2007,
    "uuid": "e24fb925-ecc8-450a-81d1-442c3d88d4f4",
    "missing": true
  },
  "E:\\A2\\A20230705_39_TeenPatti3A\\assets\\res\\1.meta": {
    "time": 1688537261490.4812
  },
  "E:\\A2\\A20230705_39_TeenPatti3A\\assets\\res\\1": {
    "time": 1688537550125.866,
    "uuid": "ccc8dade-60ce-4308-8d3f-112324b4fc50",
    "missing": true
  },
  "E:\\A2\\A20230705_39_TeenPatti3A\\assets\\res\\1\\jiazai1.png.meta": {
    "time": 1688537295450.7368
  },
  "E:\\A2\\A20230705_39_TeenPatti3A\\assets\\res\\1\\icon.png.meta": {
    "time": 1688537295478.6648
  },
  "E:\\A2\\A20230705_39_TeenPatti3A\\assets\\res\\1\\bg.png.meta": {
    "time": 1688537295560.9958
  },
  "E:\\A2\\A20230705_39_TeenPatti3A\\assets\\res\\1\\jiazai2.png.meta": {
    "time": 1688537295578.9482
  },
  "E:\\A2\\A20230705_39_TeenPatti3A\\assets\\res\\1\\login.png.meta": {
    "time": 1688537295596.9001
  },
  "E:\\A2\\A20230705_39_TeenPatti3A\\assets\\res\\1\\jiazai1.png": {
    "time": 1686733764419.1704,
    "uuid": "143a8b2c-9d07-4d2d-852f-b570826ae6ed",
    "missing": true
  },
  "E:\\A2\\A20230705_39_TeenPatti3A\\assets\\res\\1\\icon.png": {
    "time": 1686733764415.181,
    "uuid": "3607f9c9-c371-4e94-bc85-6c21cdf76722",
    "missing": true
  },
  "E:\\A2\\A20230705_39_TeenPatti3A\\assets\\res\\1\\bg.png": {
    "time": 1686733764411.192,
    "uuid": "9031c413-5f54-4007-bb2e-a8fc220706e8",
    "missing": true
  },
  "E:\\A2\\A20230705_39_TeenPatti3A\\assets\\res\\1\\jiazai2.png": {
    "time": 1686733764424.1587,
    "uuid": "be42730e-174a-41d9-9519-72d8ac881b96",
    "missing": true
  },
  "E:\\A2\\A20230705_39_TeenPatti3A\\assets\\res\\1\\login.png": {
    "time": 1686733764429.144,
    "uuid": "20a976e6-5205-4724-9e94-0b52796944b1",
    "missing": true
  },
  "E:\\A2\\A20230705_39_TeenPatti3A\\assets\\res\\2.meta": {
    "time": 1688537458736.979
  },
  "E:\\A2\\A20230705_39_TeenPatti3A\\assets\\res\\2": {
    "time": 1688542254226.373,
    "uuid": "2197a526-9120-4f63-8cc3-c2eb0dabf650",
    "missing": true
  },
  "E:\\A2\\A20230705_39_TeenPatti3A\\assets\\res\\2\\btn_okay.png.meta": {
    "time": 1688537546280.0579
  },
  "E:\\A2\\A20230705_39_TeenPatti3A\\assets\\res\\2\\bg.png.meta": {
    "time": 1688537546302.9983
  },
  "E:\\A2\\A20230705_39_TeenPatti3A\\assets\\res\\2\\box.png.meta": {
    "time": 1688537546373.8079
  },
  "E:\\A2\\A20230705_39_TeenPatti3A\\assets\\res\\2\\guanbi.png.meta": {
    "time": 1688537546387.77
  },
  "E:\\A2\\A20230705_39_TeenPatti3A\\assets\\res\\2\\icon_bonus.png.meta": {
    "time": 1688537546423.6746
  },
  "E:\\A2\\A20230705_39_TeenPatti3A\\assets\\res\\2\\dikuang.png.meta": {
    "time": 1688537546442.6238
  },
  "E:\\A2\\A20230705_39_TeenPatti3A\\assets\\res\\2\\classic.png.meta": {
    "time": 1688537546464.565
  },
  "E:\\A2\\A20230705_39_TeenPatti3A\\assets\\res\\2\\idk.png.meta": {
    "time": 1688537546479.5251
  },
  "E:\\A2\\A20230705_39_TeenPatti3A\\assets\\res\\2\\renwu.png.meta": {
    "time": 1688537546515.9785
  },
  "E:\\A2\\A20230705_39_TeenPatti3A\\assets\\res\\2\\Strategy.png.meta": {
    "time": 1688537546538.9163
  },
  "E:\\A2\\A20230705_39_TeenPatti3A\\assets\\res\\2\\icon_mail.png.meta": {
    "time": 1688537546555.2336
  },
  "E:\\A2\\A20230705_39_TeenPatti3A\\assets\\res\\2\\txk.png.meta": {
    "time": 1688537546572.1914
  },
  "E:\\A2\\A20230705_39_TeenPatti3A\\assets\\res\\2\\wel_icon.png.meta": {
    "time": 1688537546591.141
  },
  "E:\\A2\\A20230705_39_TeenPatti3A\\assets\\res\\2\\zs.png.meta": {
    "time": 1688537546606.101
  },
  "E:\\A2\\A20230705_39_TeenPatti3A\\assets\\res\\2\\zsk.png.meta": {
    "time": 1688537546623.0557
  },
  "E:\\A2\\A20230705_39_TeenPatti3A\\assets\\res\\2\\btn_okay.png": {
    "time": 1686733759944.1372,
    "uuid": "ad1a96b2-7904-44a2-b9a7-5043a611413d",
    "missing": true
  },
  "E:\\A2\\A20230705_39_TeenPatti3A\\assets\\res\\2\\bg.png": {
    "time": 1686733759937.1555,
    "uuid": "7b6d34cf-1a55-40e5-bc42-aa16ae3bc206",
    "missing": true
  },
  "E:\\A2\\A20230705_39_TeenPatti3A\\assets\\res\\2\\box.png": {
    "time": 1686733759941.1453,
    "uuid": "37ae7891-ea09-41d0-aebe-666f55cb91f1",
    "missing": true
  },
  "E:\\A2\\A20230705_39_TeenPatti3A\\assets\\res\\2\\guanbi.png": {
    "time": 1686733759952.1157,
    "uuid": "9d4732e4-c153-4aad-826c-294b45fc14e3",
    "missing": true
  },
  "E:\\A2\\A20230705_39_TeenPatti3A\\assets\\res\\2\\icon_bonus.png": {
    "time": 1686733759955.108,
    "uuid": "ee07c6cc-e51a-40f1-ae78-f42fa74587c4",
    "missing": true
  },
  "E:\\A2\\A20230705_39_TeenPatti3A\\assets\\res\\2\\dikuang.png": {
    "time": 1686733759950.121,
    "uuid": "ed9097cb-b5a5-408e-8ce0-5659127e7733",
    "missing": true
  },
  "E:\\A2\\A20230705_39_TeenPatti3A\\assets\\res\\2\\classic.png": {
    "time": 1686733759947.1292,
    "uuid": "ba110976-5236-4b23-b08f-bd99b3084eb8",
    "missing": true
  },
  "E:\\A2\\A20230705_39_TeenPatti3A\\assets\\res\\2\\idk.png": {
    "time": 1686733759960.0947,
    "uuid": "c68ea0e1-2c19-4760-9f56-8a3bf3e8630b",
    "missing": true
  },
  "E:\\A2\\A20230705_39_TeenPatti3A\\assets\\res\\2\\renwu.png": {
    "time": 1686733759964.0837,
    "uuid": "6b635985-8cdc-49ad-a748-4a0dfd637d8d",
    "missing": true
  },
  "E:\\A2\\A20230705_39_TeenPatti3A\\assets\\res\\2\\Strategy.png": {
    "time": 1686733759929.1772,
    "uuid": "e153f06f-061a-40cb-b2b6-47feea297ce1",
    "missing": true
  },
  "E:\\A2\\A20230705_39_TeenPatti3A\\assets\\res\\2\\icon_mail.png": {
    "time": 1686733759958.1,
    "uuid": "1804b134-43f3-4d8b-8506-fc12ef359ce3",
    "missing": true
  },
  "E:\\A2\\A20230705_39_TeenPatti3A\\assets\\res\\2\\txk.png": {
    "time": 1686733759967.076,
    "uuid": "ca47aefe-fc4e-4987-b3a8-7c66784c4e3e",
    "missing": true
  },
  "E:\\A2\\A20230705_39_TeenPatti3A\\assets\\res\\2\\wel_icon.png": {
    "time": 1686733759972.0674,
    "uuid": "c594fe4e-9825-4ffa-8669-45e48a9d7c8f",
    "missing": true
  },
  "E:\\A2\\A20230705_39_TeenPatti3A\\assets\\res\\2\\zs.png": {
    "time": 1686733759974.0623,
    "uuid": "15abc8cc-d9d4-466a-ab80-ff36b7800163",
    "missing": true
  },
  "E:\\A2\\A20230705_39_TeenPatti3A\\assets\\res\\2\\zsk.png": {
    "time": 1686733759977.0542,
    "uuid": "b9a2c694-cf7d-4b35-a968-1cd36ca425dd",
    "missing": true
  },
  "E:\\A2\\A20230705_39_TeenPatti3A\\assets\\res\\0.png.meta": {
    "time": 1688537810645.2693
  },
  "E:\\A2\\A20230705_39_TeenPatti3A\\assets\\res\\tx_82.png.meta": {
    "time": 1688537810656.2397
  },
  "E:\\A2\\A20230705_39_TeenPatti3A\\assets\\res\\tx_77.png.meta": {
    "time": 1688537810669.2056
  },
  "E:\\A2\\A20230705_39_TeenPatti3A\\assets\\res\\tx_78.png.meta": {
    "time": 1688537810681.1746
  },
  "E:\\A2\\A20230705_39_TeenPatti3A\\assets\\res\\tx_83.png.meta": {
    "time": 1688537810695.136
  },
  "E:\\A2\\A20230705_39_TeenPatti3A\\assets\\res\\0.png": {
    "time": 1685173179559.9343,
    "uuid": "33913b29-fd47-4e1a-b200-02f870525a93",
    "missing": true
  },
  "E:\\A2\\A20230705_39_TeenPatti3A\\assets\\res\\tx_82.png": {
    "time": 1685173179577.8862,
    "uuid": "990319d3-a3a6-43ce-adfd-7ae0bfe9aea7",
    "missing": true
  },
  "E:\\A2\\A20230705_39_TeenPatti3A\\assets\\res\\tx_77.png": {
    "time": 1685173179562.9263,
    "uuid": "e232ae73-12ae-42a1-bafc-34689537d971",
    "missing": true
  },
  "E:\\A2\\A20230705_39_TeenPatti3A\\assets\\res\\tx_78.png": {
    "time": 1685173179564.921,
    "uuid": "0e56ccd1-8bfd-434c-8763-adc735bc54b0",
    "missing": true
  },
  "E:\\A2\\A20230705_39_TeenPatti3A\\assets\\res\\tx_83.png": {
    "time": 1685173179580.8784,
    "uuid": "760e113a-6609-4796-9f76-c1fe0b953843",
    "missing": true
  },
  "E:\\A2\\A20230705_39_TeenPatti3A\\assets\\main.ts.meta": {
    "time": 1688538583458.599
  },
  "E:\\A2\\A20230705_39_TeenPatti3A\\assets\\main.ts": {
    "time": 1688539199988.594,
    "uuid": "e9321154-2c1f-4c9e-97f0-653e882656ea",
    "missing": true
  },
  "E:\\A2\\A20230705_39_TeenPatti3A\\assets\\main2.ts.meta": {
    "time": 1688538822627.5613
  },
  "E:\\A2\\A20230705_39_TeenPatti3A\\assets\\main2.ts": {
    "time": 1688550027661.145,
    "uuid": "c18e43fa-fa4e-432f-935f-70cd3dc3f0af",
    "missing": true
  },
  "E:\\A2\\A20230705_39_TeenPatti3A\\assets\\close.ts.meta": {
    "time": 1688539629193.47
  },
  "E:\\A2\\A20230705_39_TeenPatti3A\\assets\\close.ts": {
    "time": 1688539750234.8337,
    "uuid": "dc881c05-2ec6-42d7-895d-42357ca2c68e",
    "missing": true
  },
  "E:\\A2\\A20230705_39_TeenPatti3A\\assets\\res\\3.meta": {
    "time": 1688539849591.1963
  },
  "E:\\A2\\A20230705_39_TeenPatti3A\\assets\\res\\3": {
    "time": 1688542245041.1963,
    "uuid": "aa87cf17-153b-4654-ae45-25aaf1973482",
    "missing": true
  },
  "E:\\A2\\A20230705_39_TeenPatti3A\\assets\\res\\3\\poker_35.png.meta": {
    "time": 1688540051955.057
  },
  "E:\\A2\\A20230705_39_TeenPatti3A\\assets\\res\\3\\poker_38.png.meta": {
    "time": 1688540051971.0144
  },
  "E:\\A2\\A20230705_39_TeenPatti3A\\assets\\res\\3\\poker_37.png.meta": {
    "time": 1688540051988.9653
  },
  "E:\\A2\\A20230705_39_TeenPatti3A\\assets\\res\\3\\poker_36.png.meta": {
    "time": 1688540052005.9197
  },
  "E:\\A2\\A20230705_39_TeenPatti3A\\assets\\res\\3\\poker_40.png.meta": {
    "time": 1688540052022.8743
  },
  "E:\\A2\\A20230705_39_TeenPatti3A\\assets\\res\\3\\poker_41.png.meta": {
    "time": 1688540052039.829
  },
  "E:\\A2\\A20230705_39_TeenPatti3A\\assets\\res\\3\\poker_39.png.meta": {
    "time": 1688540052055.7866
  },
  "E:\\A2\\A20230705_39_TeenPatti3A\\assets\\res\\3\\poker_42.png.meta": {
    "time": 1688540052070.922
  },
  "E:\\A2\\A20230705_39_TeenPatti3A\\assets\\res\\3\\poker_44.png.meta": {
    "time": 1688540052087.8767
  },
  "E:\\A2\\A20230705_39_TeenPatti3A\\assets\\res\\3\\poker_43.png.meta": {
    "time": 1688540052103.8333
  },
  "E:\\A2\\A20230705_39_TeenPatti3A\\assets\\res\\3\\poker_45.png.meta": {
    "time": 1688540052119.791
  },
  "E:\\A2\\A20230705_39_TeenPatti3A\\assets\\res\\3\\poker_46.png.meta": {
    "time": 1688540052134.7505
  },
  "E:\\A2\\A20230705_39_TeenPatti3A\\assets\\res\\3\\poker_47.png.meta": {
    "time": 1688540052151.705
  },
  "E:\\A2\\A20230705_39_TeenPatti3A\\assets\\res\\3\\poker_48.png.meta": {
    "time": 1688540052167.6624
  },
  "E:\\A2\\A20230705_39_TeenPatti3A\\assets\\res\\3\\poker_49.png.meta": {
    "time": 1688540052183.6199
  },
  "E:\\A2\\A20230705_39_TeenPatti3A\\assets\\res\\3\\poker_50.png.meta": {
    "time": 1688540052199.5774
  },
  "E:\\A2\\A20230705_39_TeenPatti3A\\assets\\res\\3\\poker_52.png.meta": {
    "time": 1688540052215.5347
  },
  "E:\\A2\\A20230705_39_TeenPatti3A\\assets\\res\\3\\poker_51.png.meta": {
    "time": 1688540052231.4917
  },
  "E:\\A2\\A20230705_39_TeenPatti3A\\assets\\res\\3\\pure sequence.png.meta": {
    "time": 1688540052246.4517
  },
  "E:\\A2\\A20230705_39_TeenPatti3A\\assets\\res\\3\\seen.png.meta": {
    "time": 1688540052261.4119
  },
  "E:\\A2\\A20230705_39_TeenPatti3A\\assets\\res\\3\\side show.png.meta": {
    "time": 1688540052276.3716
  },
  "E:\\A2\\A20230705_39_TeenPatti3A\\assets\\res\\3\\sequence.png.meta": {
    "time": 1688540052293.3264
  },
  "E:\\A2\\A20230705_39_TeenPatti3A\\assets\\res\\3\\trail.png.meta": {
    "time": 1688540052309.284
  },
  "E:\\A2\\A20230705_39_TeenPatti3A\\assets\\res\\3\\tx.png.meta": {
    "time": 1688540052328.2334
  },
  "E:\\A2\\A20230705_39_TeenPatti3A\\assets\\res\\3\\bindkuang.png.meta": {
    "time": 1688540052366.1318
  },
  "E:\\A2\\A20230705_39_TeenPatti3A\\assets\\res\\3\\bg.png.meta": {
    "time": 1688540052390.0671
  },
  "E:\\A2\\A20230705_39_TeenPatti3A\\assets\\res\\3\\blind.png.meta": {
    "time": 1688540052420.985
  },
  "E:\\A2\\A20230705_39_TeenPatti3A\\assets\\res\\3\\btn.png.meta": {
    "time": 1688540052436.9424
  },
  "E:\\A2\\A20230705_39_TeenPatti3A\\assets\\res\\3\\chaal.png.meta": {
    "time": 1688540052451.9014
  },
  "E:\\A2\\A20230705_39_TeenPatti3A\\assets\\res\\3\\cmk1.png.meta": {
    "time": 1688540052466.8623
  },
  "E:\\A2\\A20230705_39_TeenPatti3A\\assets\\res\\3\\btn_see.png.meta": {
    "time": 1688540052483.3828
  },
  "E:\\A2\\A20230705_39_TeenPatti3A\\assets\\res\\3\\cm.png.meta": {
    "time": 1688540052501.3333
  },
  "E:\\A2\\A20230705_39_TeenPatti3A\\assets\\res\\3\\dban1.png.meta": {
    "time": 1688540052518.2876
  },
  "E:\\A2\\A20230705_39_TeenPatti3A\\assets\\res\\3\\dban2.png.meta": {
    "time": 1688540052539.2332
  },
  "E:\\A2\\A20230705_39_TeenPatti3A\\assets\\res\\3\\colour.png.meta": {
    "time": 1688540052558.1821
  },
  "E:\\A2\\A20230705_39_TeenPatti3A\\assets\\res\\3\\dban3.png.meta": {
    "time": 1688540052576.1348
  },
  "E:\\A2\\A20230705_39_TeenPatti3A\\assets\\res\\3\\djs.png.meta": {
    "time": 1688540052595.0823
  },
  "E:\\A2\\A20230705_39_TeenPatti3A\\assets\\res\\3\\fanhui.png.meta": {
    "time": 1688540052613.0354
  },
  "E:\\A2\\A20230705_39_TeenPatti3A\\assets\\res\\3\\high.png.meta": {
    "time": 1688540052631.9841
  },
  "E:\\A2\\A20230705_39_TeenPatti3A\\assets\\res\\3\\jia.png.meta": {
    "time": 1688540052648.938
  },
  "E:\\A2\\A20230705_39_TeenPatti3A\\assets\\res\\3\\jian.png.meta": {
    "time": 1688540052666.8904
  },
  "E:\\A2\\A20230705_39_TeenPatti3A\\assets\\res\\3\\lose.png.meta": {
    "time": 1688540052684.8423
  },
  "E:\\A2\\A20230705_39_TeenPatti3A\\assets\\res\\3\\paibei.png.meta": {
    "time": 1688540052703.7927
  },
  "E:\\A2\\A20230705_39_TeenPatti3A\\assets\\res\\3\\packed.png.meta": {
    "time": 1688540052721.744
  },
  "E:\\A2\\A20230705_39_TeenPatti3A\\assets\\res\\3\\pair.png.meta": {
    "time": 1688540052738.6992
  },
  "E:\\A2\\A20230705_39_TeenPatti3A\\assets\\res\\3\\park.png.meta": {
    "time": 1688540052755.6555
  },
  "E:\\A2\\A20230705_39_TeenPatti3A\\assets\\res\\3\\poker_1.png.meta": {
    "time": 1688540052773.6062
  },
  "E:\\A2\\A20230705_39_TeenPatti3A\\assets\\res\\3\\poker_2.png.meta": {
    "time": 1688540052789.5637
  },
  "E:\\A2\\A20230705_39_TeenPatti3A\\assets\\res\\3\\poker_3.png.meta": {
    "time": 1688540052807.5151
  },
  "E:\\A2\\A20230705_39_TeenPatti3A\\assets\\res\\3\\poker_5.png.meta": {
    "time": 1688540052825.467
  },
  "E:\\A2\\A20230705_39_TeenPatti3A\\assets\\res\\3\\poker_4.png.meta": {
    "time": 1688540052842.4216
  },
  "E:\\A2\\A20230705_39_TeenPatti3A\\assets\\res\\3\\poker_6.png.meta": {
    "time": 1688540052860.3738
  },
  "E:\\A2\\A20230705_39_TeenPatti3A\\assets\\res\\3\\poker_7.png.meta": {
    "time": 1688540052878.3257
  },
  "E:\\A2\\A20230705_39_TeenPatti3A\\assets\\res\\3\\poker_8.png.meta": {
    "time": 1688540052896.2778
  },
  "E:\\A2\\A20230705_39_TeenPatti3A\\assets\\res\\3\\poker_10.png.meta": {
    "time": 1688540052913.2312
  },
  "E:\\A2\\A20230705_39_TeenPatti3A\\assets\\res\\3\\poker_9.png.meta": {
    "time": 1688540052931.184
  },
  "E:\\A2\\A20230705_39_TeenPatti3A\\assets\\res\\3\\poker_11.png.meta": {
    "time": 1688540052948.1392
  },
  "E:\\A2\\A20230705_39_TeenPatti3A\\assets\\res\\3\\poker_13.png.meta": {
    "time": 1688540052966.0896
  },
  "E:\\A2\\A20230705_39_TeenPatti3A\\assets\\res\\3\\poker_12.png.meta": {
    "time": 1688540052983.045
  },
  "E:\\A2\\A20230705_39_TeenPatti3A\\assets\\res\\3\\poker_14.png.meta": {
    "time": 1688540052999.9998
  },
  "E:\\A2\\A20230705_39_TeenPatti3A\\assets\\res\\3\\poker_15.png.meta": {
    "time": 1688540053016.9553
  },
  "E:\\A2\\A20230705_39_TeenPatti3A\\assets\\res\\3\\poker_17.png.meta": {
    "time": 1688540053033.91
  },
  "E:\\A2\\A20230705_39_TeenPatti3A\\assets\\res\\3\\poker_16.png.meta": {
    "time": 1688540053052.8584
  },
  "E:\\A2\\A20230705_39_TeenPatti3A\\assets\\res\\3\\poker_18.png.meta": {
    "time": 1688540053069.8137
  },
  "E:\\A2\\A20230705_39_TeenPatti3A\\assets\\res\\3\\poker_19.png.meta": {
    "time": 1688540053086.7688
  },
  "E:\\A2\\A20230705_39_TeenPatti3A\\assets\\res\\3\\poker_20.png.meta": {
    "time": 1688540053103.7234
  },
  "E:\\A2\\A20230705_39_TeenPatti3A\\assets\\res\\3\\poker_22.png.meta": {
    "time": 1688540053121.6753
  },
  "E:\\A2\\A20230705_39_TeenPatti3A\\assets\\res\\3\\poker_21.png.meta": {
    "time": 1688540053138.633
  },
  "E:\\A2\\A20230705_39_TeenPatti3A\\assets\\res\\3\\poker_23.png.meta": {
    "time": 1688540053156.5803
  },
  "E:\\A2\\A20230705_39_TeenPatti3A\\assets\\res\\3\\poker_24.png.meta": {
    "time": 1688540053173.5352
  },
  "E:\\A2\\A20230705_39_TeenPatti3A\\assets\\res\\3\\poker_25.png.meta": {
    "time": 1688540053190.4902
  },
  "E:\\A2\\A20230705_39_TeenPatti3A\\assets\\res\\3\\poker_26.png.meta": {
    "time": 1688540053208.443
  },
  "E:\\A2\\A20230705_39_TeenPatti3A\\assets\\res\\3\\poker_27.png.meta": {
    "time": 1688540053226.3953
  },
  "E:\\A2\\A20230705_39_TeenPatti3A\\assets\\res\\3\\poker_28.png.meta": {
    "time": 1688540053245.3442
  },
  "E:\\A2\\A20230705_39_TeenPatti3A\\assets\\res\\3\\poker_30.png.meta": {
    "time": 1688540053263.2957
  },
  "E:\\A2\\A20230705_39_TeenPatti3A\\assets\\res\\3\\poker_29.png.meta": {
    "time": 1688540053281.2488
  },
  "E:\\A2\\A20230705_39_TeenPatti3A\\assets\\res\\3\\poker_31.png.meta": {
    "time": 1688540053299.2002
  },
  "E:\\A2\\A20230705_39_TeenPatti3A\\assets\\res\\3\\poker_32.png.meta": {
    "time": 1688540053316.1543
  },
  "E:\\A2\\A20230705_39_TeenPatti3A\\assets\\res\\3\\poker_33.png.meta": {
    "time": 1688540053334.1062
  },
  "E:\\A2\\A20230705_39_TeenPatti3A\\assets\\res\\3\\poker_34.png.meta": {
    "time": 1688540053351.0608
  },
  "E:\\A2\\A20230705_39_TeenPatti3A\\assets\\res\\3\\poker_35.png": {
    "time": 1686733761710.297,
    "uuid": "df074afe-a473-4343-8b1a-331242e32698",
    "missing": true
  },
  "E:\\A2\\A20230705_39_TeenPatti3A\\assets\\res\\3\\poker_38.png": {
    "time": 1686733761720.27,
    "uuid": "e271829b-7b23-4217-8bc6-5fe3b62574f3",
    "missing": true
  },
  "E:\\A2\\A20230705_39_TeenPatti3A\\assets\\res\\3\\poker_37.png": {
    "time": 1686733761717.2786,
    "uuid": "c33607db-090f-422b-84d0-d803bbef21b1",
    "missing": true
  },
  "E:\\A2\\A20230705_39_TeenPatti3A\\assets\\res\\3\\poker_36.png": {
    "time": 1686733761713.289,
    "uuid": "81e19a89-5f54-426c-85b7-e99b652f707a",
    "missing": true
  },
  "E:\\A2\\A20230705_39_TeenPatti3A\\assets\\res\\3\\poker_40.png": {
    "time": 1686733761731.2412,
    "uuid": "f511db94-4beb-4783-ab12-2f203e4fda1a",
    "missing": true
  },
  "E:\\A2\\A20230705_39_TeenPatti3A\\assets\\res\\3\\poker_41.png": {
    "time": 1686733761734.2332,
    "uuid": "3cf9abdd-e2ee-49c0-93fb-5691357dc5c1",
    "missing": true
  },
  "E:\\A2\\A20230705_39_TeenPatti3A\\assets\\res\\3\\poker_39.png": {
    "time": 1686733761723.2627,
    "uuid": "cabe82af-dd4e-4be5-aa16-22e4f77907eb",
    "missing": true
  },
  "E:\\A2\\A20230705_39_TeenPatti3A\\assets\\res\\3\\poker_42.png": {
    "time": 1686733761738.2256,
    "uuid": "c65f5396-01ba-4cbf-bcf1-58c9914bc8ef",
    "missing": true
  },
  "E:\\A2\\A20230705_39_TeenPatti3A\\assets\\res\\3\\poker_44.png": {
    "time": 1686733761745.2373,
    "uuid": "abf01a72-78ae-4e4a-9fe9-227450e2f8c6",
    "missing": true
  },
  "E:\\A2\\A20230705_39_TeenPatti3A\\assets\\res\\3\\poker_43.png": {
    "time": 1686733761741.2207,
    "uuid": "89d6076d-ffd3-41d2-9220-0ea9f4a25480",
    "missing": true
  },
  "E:\\A2\\A20230705_39_TeenPatti3A\\assets\\res\\3\\poker_45.png": {
    "time": 1686733761749.1982,
    "uuid": "360aff2f-653a-4940-ab5a-83711fe32436",
    "missing": true
  },
  "E:\\A2\\A20230705_39_TeenPatti3A\\assets\\res\\3\\poker_46.png": {
    "time": 1686733761752.1904,
    "uuid": "b5ac314c-93fe-4b1e-a3f6-a38be901b081",
    "missing": true
  },
  "E:\\A2\\A20230705_39_TeenPatti3A\\assets\\res\\3\\poker_47.png": {
    "time": 1686733761756.1797,
    "uuid": "b53a9d4d-70bc-4913-ba70-c441c171cba7",
    "missing": true
  },
  "E:\\A2\\A20230705_39_TeenPatti3A\\assets\\res\\3\\poker_48.png": {
    "time": 1686733761759.1716,
    "uuid": "856162ea-814e-4dde-bfd2-15a024cead61",
    "missing": true
  },
  "E:\\A2\\A20230705_39_TeenPatti3A\\assets\\res\\3\\poker_49.png": {
    "time": 1686733761763.1611,
    "uuid": "5cd6f910-aa0f-454c-862e-50baa25a79e8",
    "missing": true
  },
  "E:\\A2\\A20230705_39_TeenPatti3A\\assets\\res\\3\\poker_50.png": {
    "time": 1686733761770.1423,
    "uuid": "263d4d5c-e337-4cf5-af23-c74902b6283d",
    "missing": true
  },
  "E:\\A2\\A20230705_39_TeenPatti3A\\assets\\res\\3\\poker_52.png": {
    "time": 1686733761777.1235,
    "uuid": "3d3777a7-a91f-4164-a26a-fbfbee6e8217",
    "missing": true
  },
  "E:\\A2\\A20230705_39_TeenPatti3A\\assets\\res\\3\\poker_51.png": {
    "time": 1686733761773.1343,
    "uuid": "4d2c291b-4d07-4a92-beaf-b64b34f1561f",
    "missing": true
  },
  "E:\\A2\\A20230705_39_TeenPatti3A\\assets\\res\\3\\pure sequence.png": {
    "time": 1686733761793.0874,
    "uuid": "6c5147a5-4eb7-4dcd-8d7d-87a4cf987492",
    "missing": true
  },
  "E:\\A2\\A20230705_39_TeenPatti3A\\assets\\res\\3\\seen.png": {
    "time": 1686733761796.0793,
    "uuid": "ec654d65-4f3c-4d3a-b8a9-3a3899d39b37",
    "missing": true
  },
  "E:\\A2\\A20230705_39_TeenPatti3A\\assets\\res\\3\\side show.png": {
    "time": 1686733761801.066,
    "uuid": "68b42ccf-0b20-4852-8629-e5a638b1ba0e",
    "missing": true
  },
  "E:\\A2\\A20230705_39_TeenPatti3A\\assets\\res\\3\\sequence.png": {
    "time": 1686733761798.074,
    "uuid": "c7a56da8-d118-4f5c-9e62-2ab02c703203",
    "missing": true
  },
  "E:\\A2\\A20230705_39_TeenPatti3A\\assets\\res\\3\\trail.png": {
    "time": 1686733761803.0603,
    "uuid": "38127c55-3cf8-46d8-890f-b1cf66db5fbf",
    "missing": true
  },
  "E:\\A2\\A20230705_39_TeenPatti3A\\assets\\res\\3\\tx.png": {
    "time": 1686733761806.0525,
    "uuid": "c5a94c6a-8368-4f6d-885b-5617da00f2fc",
    "missing": true
  },
  "E:\\A2\\A20230705_39_TeenPatti3A\\assets\\res\\3\\bindkuang.png": {
    "time": 1686733761553.7104,
    "uuid": "84bfa2d7-ddeb-474f-906a-3c9b04b9b548",
    "missing": true
  },
  "E:\\A2\\A20230705_39_TeenPatti3A\\assets\\res\\3\\bg.png": {
    "time": 1686733761550.7178,
    "uuid": "004196f8-d4b5-4725-8f0e-1447ea95f7fe",
    "missing": true
  },
  "E:\\A2\\A20230705_39_TeenPatti3A\\assets\\res\\3\\blind.png": {
    "time": 1686733761556.7024,
    "uuid": "d4cdf224-c5da-41b4-be66-438a4fcbb7f0",
    "missing": true
  },
  "E:\\A2\\A20230705_39_TeenPatti3A\\assets\\res\\3\\btn.png": {
    "time": 1686733761559.6946,
    "uuid": "343e6695-dc5c-4039-8436-eab1e583b086",
    "missing": true
  },
  "E:\\A2\\A20230705_39_TeenPatti3A\\assets\\res\\3\\chaal.png": {
    "time": 1686733761564.6812,
    "uuid": "85d1af8a-c29f-461b-8c84-339f92acae03",
    "missing": true
  },
  "E:\\A2\\A20230705_39_TeenPatti3A\\assets\\res\\3\\cmk1.png": {
    "time": 1686733761571.662,
    "uuid": "104e06ea-f249-4770-a32e-dc9e29e3a8e2",
    "missing": true
  },
  "E:\\A2\\A20230705_39_TeenPatti3A\\assets\\res\\3\\btn_see.png": {
    "time": 1686733761561.6892,
    "uuid": "18487cfe-d8d5-4f77-bda8-200ffdd8654e",
    "missing": true
  },
  "E:\\A2\\A20230705_39_TeenPatti3A\\assets\\res\\3\\cm.png": {
    "time": 1686733761567.673,
    "uuid": "c0c71434-71ac-445a-8851-32289cc68628",
    "missing": true
  },
  "E:\\A2\\A20230705_39_TeenPatti3A\\assets\\res\\3\\dban1.png": {
    "time": 1686733761577.6465,
    "uuid": "2ab4d2cb-b829-4424-91f0-f0b5fcc4db32",
    "missing": true
  },
  "E:\\A2\\A20230705_39_TeenPatti3A\\assets\\res\\3\\dban2.png": {
    "time": 1686733761580.6382,
    "uuid": "a9c5de78-e41f-4eb5-8745-e2aa21516fef",
    "missing": true
  },
  "E:\\A2\\A20230705_39_TeenPatti3A\\assets\\res\\3\\colour.png": {
    "time": 1686733761574.6545,
    "uuid": "7bb7e196-a146-4955-b0eb-265d403ebe42",
    "missing": true
  },
  "E:\\A2\\A20230705_39_TeenPatti3A\\assets\\res\\3\\dban3.png": {
    "time": 1686733761584.6277,
    "uuid": "af1ab996-29c3-4d4e-99ed-5640b2291f94",
    "missing": true
  },
  "E:\\A2\\A20230705_39_TeenPatti3A\\assets\\res\\3\\djs.png": {
    "time": 1686733761587.6196,
    "uuid": "92b821ba-dcf4-49c0-8912-09b7a18ac994",
    "missing": true
  },
  "E:\\A2\\A20230705_39_TeenPatti3A\\assets\\res\\3\\fanhui.png": {
    "time": 1686733761590.6118,
    "uuid": "2d906315-eb12-41e1-9f5f-fd768f280cc6",
    "missing": true
  },
  "E:\\A2\\A20230705_39_TeenPatti3A\\assets\\res\\3\\high.png": {
    "time": 1686733761592.6067,
    "uuid": "4a245377-21d1-4d32-b309-bfe9d78cd92b",
    "missing": true
  },
  "E:\\A2\\A20230705_39_TeenPatti3A\\assets\\res\\3\\jia.png": {
    "time": 1686733761595.5984,
    "uuid": "054606fc-ae62-4a65-9ec1-183dca86d09d",
    "missing": true
  },
  "E:\\A2\\A20230705_39_TeenPatti3A\\assets\\res\\3\\jian.png": {
    "time": 1686733761598.5903,
    "uuid": "94b4afcd-e1bc-4e32-9dc4-2496b6a43d5b",
    "missing": true
  },
  "E:\\A2\\A20230705_39_TeenPatti3A\\assets\\res\\3\\lose.png": {
    "time": 1686733761600.585,
    "uuid": "5bca9af6-0777-4b87-a369-4d9ac542a1b7",
    "missing": true
  },
  "E:\\A2\\A20230705_39_TeenPatti3A\\assets\\res\\3\\paibei.png": {
    "time": 1686733761606.5688,
    "uuid": "6d7f0f64-27d5-4e67-b63e-d912b56a6a35",
    "missing": true
  },
  "E:\\A2\\A20230705_39_TeenPatti3A\\assets\\res\\3\\packed.png": {
    "time": 1686733761603.577,
    "uuid": "eced3446-75ad-4edd-9140-53cfc60aff68",
    "missing": true
  },
  "E:\\A2\\A20230705_39_TeenPatti3A\\assets\\res\\3\\pair.png": {
    "time": 1686733761608.5637,
    "uuid": "6576e936-1ae4-4fdc-b5fc-f4b9579c9380",
    "missing": true
  },
  "E:\\A2\\A20230705_39_TeenPatti3A\\assets\\res\\3\\park.png": {
    "time": 1686733761611.5554,
    "uuid": "80fb2d39-5ccd-4c7c-b269-985e174db327",
    "missing": true
  },
  "E:\\A2\\A20230705_39_TeenPatti3A\\assets\\res\\3\\poker_1.png": {
    "time": 1686733761615.5447,
    "uuid": "4db91607-b582-4dc0-a6ca-767bf1864336",
    "missing": true
  },
  "E:\\A2\\A20230705_39_TeenPatti3A\\assets\\res\\3\\poker_2.png": {
    "time": 1686733761654.4407,
    "uuid": "a352a6dc-ba93-473f-8b29-c0c18288500d",
    "missing": true
  },
  "E:\\A2\\A20230705_39_TeenPatti3A\\assets\\res\\3\\poker_3.png": {
    "time": 1686733761691.3486,
    "uuid": "362efac4-299b-4480-b360-835a4e6bbedf",
    "missing": true
  },
  "E:\\A2\\A20230705_39_TeenPatti3A\\assets\\res\\3\\poker_5.png": {
    "time": 1686733761766.153,
    "uuid": "3091c9b8-6d73-40cc-b564-da6dc2499a17",
    "missing": true
  },
  "E:\\A2\\A20230705_39_TeenPatti3A\\assets\\res\\3\\poker_4.png": {
    "time": 1686733761727.252,
    "uuid": "dff09c4b-637f-4f67-ba7a-19febde4c322",
    "missing": true
  },
  "E:\\A2\\A20230705_39_TeenPatti3A\\assets\\res\\3\\poker_6.png": {
    "time": 1686733761781.1196,
    "uuid": "086a2b8d-7185-4ec2-8458-6037e09f7ac2",
    "missing": true
  },
  "E:\\A2\\A20230705_39_TeenPatti3A\\assets\\res\\3\\poker_7.png": {
    "time": 1686733761784.1104,
    "uuid": "2be6e694-0b9b-4c19-bd9a-c272c6eaa041",
    "missing": true
  },
  "E:\\A2\\A20230705_39_TeenPatti3A\\assets\\res\\3\\poker_8.png": {
    "time": 1686733761787.1023,
    "uuid": "a3fb7284-5b7e-43e1-8b28-8b76e063c8b3",
    "missing": true
  },
  "E:\\A2\\A20230705_39_TeenPatti3A\\assets\\res\\3\\poker_10.png": {
    "time": 1686733761619.5334,
    "uuid": "3ba52a00-e4d0-45c4-9d54-7933f6aa9e20",
    "missing": true
  },
  "E:\\A2\\A20230705_39_TeenPatti3A\\assets\\res\\3\\poker_9.png": {
    "time": 1686733761790.0952,
    "uuid": "69f8b70b-dca4-4b2d-a233-5a5a56fdd7db",
    "missing": true
  },
  "E:\\A2\\A20230705_39_TeenPatti3A\\assets\\res\\3\\poker_11.png": {
    "time": 1686733761622.5264,
    "uuid": "5e42e6be-6915-407f-bbef-66019d36b85e",
    "missing": true
  },
  "E:\\A2\\A20230705_39_TeenPatti3A\\assets\\res\\3\\poker_13.png": {
    "time": 1686733761630.505,
    "uuid": "5565f304-c663-4720-959f-671c0b86e23e",
    "missing": true
  },
  "E:\\A2\\A20230705_39_TeenPatti3A\\assets\\res\\3\\poker_12.png": {
    "time": 1686733761626.5151,
    "uuid": "28207dfb-5aa6-4b71-9551-a834e0656cba",
    "missing": true
  },
  "E:\\A2\\A20230705_39_TeenPatti3A\\assets\\res\\3\\poker_14.png": {
    "time": 1686733761634.4941,
    "uuid": "2f92bbc4-c5b1-487f-b677-fd88aac425d6",
    "missing": true
  },
  "E:\\A2\\A20230705_39_TeenPatti3A\\assets\\res\\3\\poker_15.png": {
    "time": 1686733761637.486,
    "uuid": "9fb517fd-bd0d-4176-8a04-c9f7de9a53dc",
    "missing": true
  },
  "E:\\A2\\A20230705_39_TeenPatti3A\\assets\\res\\3\\poker_17.png": {
    "time": 1686733761643.4705,
    "uuid": "f5d34c50-6ca5-4834-bd21-7ba57713c0d6",
    "missing": true
  },
  "E:\\A2\\A20230705_39_TeenPatti3A\\assets\\res\\3\\poker_16.png": {
    "time": 1686733761640.4783,
    "uuid": "d0ccc381-34e9-4909-93f7-b88a81e9c682",
    "missing": true
  },
  "E:\\A2\\A20230705_39_TeenPatti3A\\assets\\res\\3\\poker_18.png": {
    "time": 1686733761647.4587,
    "uuid": "95157790-c394-4464-b3c9-fa36b3118450",
    "missing": true
  },
  "E:\\A2\\A20230705_39_TeenPatti3A\\assets\\res\\3\\poker_19.png": {
    "time": 1686733761650.4514,
    "uuid": "716a1abe-1d62-412c-98c6-0ec24571defb",
    "missing": true
  },
  "E:\\A2\\A20230705_39_TeenPatti3A\\assets\\res\\3\\poker_20.png": {
    "time": 1686733761657.4321,
    "uuid": "1496dc9c-6fc8-46b3-a59e-649a73b4e2b8",
    "missing": true
  },
  "E:\\A2\\A20230705_39_TeenPatti3A\\assets\\res\\3\\poker_22.png": {
    "time": 1686733761664.414,
    "uuid": "fc1d2448-07ab-4853-be60-800dd1b04053",
    "missing": true
  },
  "E:\\A2\\A20230705_39_TeenPatti3A\\assets\\res\\3\\poker_21.png": {
    "time": 1686733761660.424,
    "uuid": "ef6db4a4-d1eb-44fa-a23c-a422b8e01969",
    "missing": true
  },
  "E:\\A2\\A20230705_39_TeenPatti3A\\assets\\res\\3\\poker_23.png": {
    "time": 1686733761667.4062,
    "uuid": "871bc36c-9f1f-4aa6-9114-9c263782184e",
    "missing": true
  },
  "E:\\A2\\A20230705_39_TeenPatti3A\\assets\\res\\3\\poker_24.png": {
    "time": 1686733761670.3977,
    "uuid": "2629d5ad-69ba-4195-9668-366fda1eca1d",
    "missing": true
  },
  "E:\\A2\\A20230705_39_TeenPatti3A\\assets\\res\\3\\poker_25.png": {
    "time": 1686733761674.3865,
    "uuid": "eacfb020-2622-4fb4-a511-017057d104b3",
    "missing": true
  },
  "E:\\A2\\A20230705_39_TeenPatti3A\\assets\\res\\3\\poker_26.png": {
    "time": 1686733761677.3794,
    "uuid": "d8b65d33-e594-4b72-8879-50d88e040760",
    "missing": true
  },
  "E:\\A2\\A20230705_39_TeenPatti3A\\assets\\res\\3\\poker_27.png": {
    "time": 1686733761681.3687,
    "uuid": "e4d9ddfd-c948-4500-9d07-118980e398b8",
    "missing": true
  },
  "E:\\A2\\A20230705_39_TeenPatti3A\\assets\\res\\3\\poker_28.png": {
    "time": 1686733761684.3604,
    "uuid": "677aaa98-e602-4813-ac8f-33e02246e612",
    "missing": true
  },
  "E:\\A2\\A20230705_39_TeenPatti3A\\assets\\res\\3\\poker_30.png": {
    "time": 1686733761694.3398,
    "uuid": "6f1f3241-f64a-477c-98d8-1ca962630578",
    "missing": true
  },
  "E:\\A2\\A20230705_39_TeenPatti3A\\assets\\res\\3\\poker_29.png": {
    "time": 1686733761687.3525,
    "uuid": "bac46f06-40ed-4268-8c52-8d2ce9f8321b",
    "missing": true
  },
  "E:\\A2\\A20230705_39_TeenPatti3A\\assets\\res\\3\\poker_31.png": {
    "time": 1686733761697.332,
    "uuid": "5ecee4c9-6dea-4989-a667-392dde27bcde",
    "missing": true
  },
  "E:\\A2\\A20230705_39_TeenPatti3A\\assets\\res\\3\\poker_32.png": {
    "time": 1686733761700.3235,
    "uuid": "55725e93-3382-472c-9be1-be3091c1cc95",
    "missing": true
  },
  "E:\\A2\\A20230705_39_TeenPatti3A\\assets\\res\\3\\poker_33.png": {
    "time": 1686733761703.316,
    "uuid": "3ac11524-9aba-4151-aa00-1f8e4ac19b25",
    "missing": true
  },
  "E:\\A2\\A20230705_39_TeenPatti3A\\assets\\res\\3\\poker_34.png": {
    "time": 1686733761706.3074,
    "uuid": "b5c12e25-0af5-4d02-b538-fd9adced10f2",
    "missing": true
  },
  "E:\\A2\\A20230705_39_TeenPatti3A\\assets\\game.ts.meta": {
    "time": 1688542195551.1064
  },
  "E:\\A2\\A20230705_39_TeenPatti3A\\assets\\game.ts": {
    "time": 1688550388838.3645,
    "uuid": "8afc346f-0d05-43ba-baf3-19c01f460d97",
    "missing": true
  },
  "E:\\A2\\A20230705_39_TeenPatti3A\\assets\\t3rlts2.scene.meta": {
    "time": 1688539838720.6099
  },
  "E:\\A2\\A20230705_39_TeenPatti3A\\assets\\t3rlts2.scene": {
    "time": 1688550394453.1714,
    "uuid": "f8ca8e4e-946a-4f86-9264-3c175062f49c",
    "missing": true
  },
  "E:\\A2\\A20230705_39_TeenPatti3A\\assets\\Data.ts.meta": {
    "time": 1688549383949.9624
  },
  "E:\\A2\\A20230705_39_TeenPatti3A\\assets\\Data.ts": {
    "time": 1688549466751.0945,
    "uuid": "af70fab9-ac7a-4cc2-bdf7-69c4e877a251",
    "missing": true
  },
  "E:\\A2\\A20230705_41_HappyTeenPatti\\assets\\res": {
    "time": 1688614805623.395,
    "uuid": "193340ea-5080-4756-b0ca-4c8de38042c5",
    "missing": false
  },
  "E:\\A2\\A20230705_41_HappyTeenPatti\\assets\\res\\1": {
    "time": 1688553190428.4182,
    "uuid": "9033236d-056a-406b-bf67-8fe7de3c5ff8",
    "missing": false
  },
  "E:\\A2\\A20230705_41_HappyTeenPatti\\assets\\res\\2": {
    "time": 1688626127898.7825,
    "uuid": "95744953-6418-4270-b572-9be328b2f7c0",
    "missing": false
  },
  "E:\\A2\\A20230705_41_HappyTeenPatti\\assets\\res\\3": {
    "time": 1688626132499.4229,
    "uuid": "2da189ed-1168-4a4f-a7f7-6de17bc0431c",
    "missing": false
  },
  "E:\\A2\\A20230705_41_HappyTeenPatti\\assets\\close.ts": {
    "time": 1688539750234.8337,
    "uuid": "826f6edd-c8a0-4ba9-be8d-94fdc9bacafb",
    "missing": false
  },
  "E:\\A2\\A20230705_41_HappyTeenPatti\\assets\\Data.ts": {
    "time": 1688549466751.0945,
    "uuid": "d580f4b6-fd1a-481d-b5c1-f4025e1ae949",
    "missing": false
  },
  "E:\\A2\\A20230705_41_HappyTeenPatti\\assets\\main.ts": {
    "time": 1688615986161.5332,
    "uuid": "1775caeb-7c32-4b7b-bece-21f384dbd8b2",
    "missing": false
  },
  "E:\\A2\\A20230705_41_HappyTeenPatti\\assets\\main2.ts": {
    "time": 1688616002114.465,
    "uuid": "e8041ede-5d47-4d00-b8ee-f9b2bd18fe22",
    "missing": false
  },
  "E:\\A2\\A20230705_41_HappyTeenPatti\\assets\\res.meta": {
    "time": 1688955814523.36
  },
  "E:\\A2\\A20230705_41_HappyTeenPatti\\assets\\res\\1.meta": {
    "time": 1688955814581.1248
  },
  "E:\\A2\\A20230705_41_HappyTeenPatti\\assets\\res\\2.meta": {
    "time": 1688955814583.12
  },
  "E:\\A2\\A20230705_41_HappyTeenPatti\\assets\\res\\3.meta": {
    "time": 1688955814584.1174
  },
  "E:\\A2\\A20230705_41_HappyTeenPatti\\assets\\close.ts.meta": {
    "time": 1688955814507.4028
  },
  "E:\\A2\\A20230705_41_HappyTeenPatti\\assets\\Data.ts.meta": {
    "time": 1688955814508.4004
  },
  "E:\\A2\\A20230705_41_HappyTeenPatti\\assets\\main.ts.meta": {
    "time": 1688955814520.3684
  },
  "E:\\A2\\A20230705_41_HappyTeenPatti\\assets\\main2.ts.meta": {
    "time": 1688955814521.3655
  },
  "E:\\A2\\A20230705_41_HappyTeenPatti\\assets\\dtmsjr1.scene": {
    "time": 1688955896700.114,
    "uuid": "9f952f7f-34b8-4756-95d5-c805177c31c8",
    "missing": false
  },
  "E:\\A2\\A20230705_41_HappyTeenPatti\\assets\\t3rlts2.scene": {
    "time": 1688955814579.13,
    "uuid": "74207505-95e7-46c2-8ce8-c18c61951ba4",
    "missing": false
  },
  "E:\\A2\\A20230705_41_HappyTeenPatti\\assets\\res\\1\\bg.png": {
    "time": 1688438461189.4995,
    "uuid": "3301da10-fc04-442d-a4a1-2d41cd572e90",
    "missing": false
  },
  "E:\\A2\\A20230705_41_HappyTeenPatti\\assets\\res\\1\\icon.png": {
    "time": 1688438461193.4888,
    "uuid": "ac980097-e8a6-4dd4-9482-364456f1aeb6",
    "missing": false
  },
  "E:\\A2\\A20230705_41_HappyTeenPatti\\assets\\res\\1\\jiazai1.png": {
    "time": 1688438461197.478,
    "uuid": "85b65ee4-0ba8-45b2-8547-75a69bf064e9",
    "missing": false
  },
  "E:\\A2\\A20230705_41_HappyTeenPatti\\assets\\res\\1\\jiazai2.png": {
    "time": 1688438461201.4673,
    "uuid": "0dea3108-70d2-46a2-a498-d80fd4566c7f",
    "missing": false
  },
  "E:\\A2\\A20230705_41_HappyTeenPatti\\assets\\res\\1\\login.png": {
    "time": 1688438461204.4597,
    "uuid": "1cf937a1-c5e1-4cdd-92d6-34cc4b1bf958",
    "missing": false
  },
  "E:\\A2\\A20230705_41_HappyTeenPatti\\assets\\res\\2\\bg.png": {
    "time": 1688438457252.3354,
    "uuid": "0ff07561-2937-40ad-b17e-296e24b53061",
    "missing": false
  },
  "E:\\A2\\A20230705_41_HappyTeenPatti\\assets\\res\\2\\renwu.png": {
    "time": 1688438457265.3003,
    "uuid": "32833a9f-536f-4f02-a8e2-00b26cb4ce98",
    "missing": false
  },
  "E:\\A2\\A20230705_41_HappyTeenPatti\\assets\\res\\2\\txk.png": {
    "time": 1688438457274.2766,
    "uuid": "5a22d911-f7c0-4eda-b126-fdad1b7950fe",
    "missing": false
  },
  "E:\\A2\\A20230705_41_HappyTeenPatti\\assets\\res\\2\\zs.png": {
    "time": 1688438457277.2683,
    "uuid": "2fcd8f34-baea-4954-bce4-1ad189282217",
    "missing": false
  },
  "E:\\A2\\A20230705_41_HappyTeenPatti\\assets\\res\\2\\zsk.png": {
    "time": 1688438457279.2632,
    "uuid": "a70de14f-e77a-4ab0-9834-0506b0e70fbb",
    "missing": false
  },
  "E:\\A2\\A20230705_41_HappyTeenPatti\\assets\\res\\3\\bg.png": {
    "time": 1688438459004.051,
    "uuid": "1cfbcd73-b57d-4373-ad75-020722796b28",
    "missing": false
  },
  "E:\\A2\\A20230705_41_HappyTeenPatti\\assets\\res\\3\\btn.png": {
    "time": 1688438459007.0427,
    "uuid": "9c7cc2aa-e479-45ae-afae-db15fcd1b727",
    "missing": false
  },
  "E:\\A2\\A20230705_41_HappyTeenPatti\\assets\\res\\3\\btn_see.png": {
    "time": 1688438459010.0352,
    "uuid": "7a3904f9-3c88-4846-8681-18ad5380813f",
    "missing": false
  },
  "E:\\A2\\A20230705_41_HappyTeenPatti\\assets\\res\\3\\chaal.png": {
    "time": 1688438459012.0298,
    "uuid": "ad7882a6-3bc6-47a3-a8f9-339eb30c47a4",
    "missing": false
  },
  "E:\\A2\\A20230705_41_HappyTeenPatti\\assets\\res\\3\\colour.png": {
    "time": 1688438459015.0215,
    "uuid": "d88b3315-ecef-40d9-b80f-3ae2f60a3c0c",
    "missing": false
  },
  "E:\\A2\\A20230705_41_HappyTeenPatti\\assets\\res\\3\\dban1.png": {
    "time": 1688438459017.016,
    "uuid": "e7ca0f1c-314b-4314-848b-8e6f96080543",
    "missing": false
  },
  "E:\\A2\\A20230705_41_HappyTeenPatti\\assets\\res\\3\\dban2.png": {
    "time": 1688438459021.0056,
    "uuid": "cb0310cc-b419-4c88-8b56-d7b92f073abc",
    "missing": false
  },
  "E:\\A2\\A20230705_41_HappyTeenPatti\\assets\\res\\3\\dban3.png": {
    "time": 1688438459024.9949,
    "uuid": "7173a168-58b8-4b48-9ab3-ef05cc10c852",
    "missing": false
  },
  "E:\\A2\\A20230705_41_HappyTeenPatti\\assets\\res\\3\\djs.png": {
    "time": 1688438459027.9868,
    "uuid": "6c619d2f-c03f-448b-9525-a9e6545cd6c0",
    "missing": false
  },
  "E:\\A2\\A20230705_41_HappyTeenPatti\\assets\\res\\3\\fanhui.png": {
    "time": 1688438459030.9788,
    "uuid": "7dafa046-be95-4842-ad3f-e677fbc9fe65",
    "missing": false
  },
  "E:\\A2\\A20230705_41_HappyTeenPatti\\assets\\res\\3\\high.png": {
    "time": 1688438459033.9707,
    "uuid": "81c3427e-27fc-48a1-85ff-17731839d708",
    "missing": false
  },
  "E:\\A2\\A20230705_41_HappyTeenPatti\\assets\\res\\3\\lose.png": {
    "time": 1688438459041.9548,
    "uuid": "16c5b571-d7d2-42ab-bc29-7238e8776038",
    "missing": false
  },
  "E:\\A2\\A20230705_41_HappyTeenPatti\\assets\\res\\3\\packed.png": {
    "time": 1688438459044.947,
    "uuid": "75d18741-91a6-48f7-be61-e9f7c75d6478",
    "missing": false
  },
  "E:\\A2\\A20230705_41_HappyTeenPatti\\assets\\res\\3\\pair.png": {
    "time": 1688438459049.9336,
    "uuid": "7c23f838-91b0-427d-8c26-47a38d2e2ed2",
    "missing": false
  },
  "E:\\A2\\A20230705_41_HappyTeenPatti\\assets\\res\\3\\park.png": {
    "time": 1688438459052.9253,
    "uuid": "d00d5436-517c-4af7-93ae-ad09b33ec431",
    "missing": false
  },
  "E:\\A2\\A20230705_41_HappyTeenPatti\\assets\\res\\3\\pure sequence.png": {
    "time": 1688438459054.921,
    "uuid": "312a19af-1213-45bd-b365-cb925ef84b4d",
    "missing": false
  },
  "E:\\A2\\A20230705_41_HappyTeenPatti\\assets\\res\\3\\seen.png": {
    "time": 1688438459057.9402,
    "uuid": "71a97366-91f8-434e-bf63-60478872454d",
    "missing": false
  },
  "E:\\A2\\A20230705_41_HappyTeenPatti\\assets\\res\\3\\sequence.png": {
    "time": 1688438459059.907,
    "uuid": "da9d627b-88e8-4f0d-9b4e-39c3af7cb99e",
    "missing": false
  },
  "E:\\A2\\A20230705_41_HappyTeenPatti\\assets\\res\\3\\side show.png": {
    "time": 1688438459062.9302,
    "uuid": "e36d1d61-0a99-45e1-9705-2de703b35bd7",
    "missing": false
  },
  "E:\\A2\\A20230705_41_HappyTeenPatti\\assets\\res\\3\\trail.png": {
    "time": 1688438459065.8909,
    "uuid": "3ff76ff8-0add-45d4-b7bf-36b54eb99853",
    "missing": false
  },
  "E:\\A2\\A20230705_41_HappyTeenPatti\\assets\\dtmsjr1.scene.meta": {
    "time": 1688955814517.3762
  },
  "E:\\A2\\A20230705_41_HappyTeenPatti\\assets\\t3rlts2.scene.meta": {
    "time": 1688955814580.1277
  },
  "E:\\A2\\A20230705_41_HappyTeenPatti\\assets\\res\\1\\jiazai1.png.meta": {
    "time": 1688955814654.9272
  },
  "E:\\A2\\A20230705_41_HappyTeenPatti\\assets\\res\\1\\bg.png.meta": {
    "time": 1688955814646.95
  },
  "E:\\A2\\A20230705_41_HappyTeenPatti\\assets\\res\\1\\icon.png.meta": {
    "time": 1688955814652.9326
  },
  "E:\\A2\\A20230705_41_HappyTeenPatti\\assets\\res\\1\\jiazai2.png.meta": {
    "time": 1688955814655.9246
  },
  "E:\\A2\\A20230705_41_HappyTeenPatti\\assets\\res\\1\\login.png.meta": {
    "time": 1688955814658.9165
  },
  "E:\\A2\\A20230705_41_HappyTeenPatti\\assets\\res\\2\\bg.png.meta": {
    "time": 1688955814681.8552
  },
  "E:\\A2\\A20230705_41_HappyTeenPatti\\assets\\res\\2\\renwu.png.meta": {
    "time": 1688955814700.8044
  },
  "E:\\A2\\A20230705_41_HappyTeenPatti\\assets\\res\\2\\zs.png.meta": {
    "time": 1688955814714.7676
  },
  "E:\\A2\\A20230705_41_HappyTeenPatti\\assets\\res\\2\\txk.png.meta": {
    "time": 1688955814710.7778
  },
  "E:\\A2\\A20230705_41_HappyTeenPatti\\assets\\res\\2\\zsk.png.meta": {
    "time": 1688955814718.7556
  },
  "E:\\A2\\A20230705_41_HappyTeenPatti\\assets\\res\\3\\btn.png.meta": {
    "time": 1688955814738.7034
  },
  "E:\\A2\\A20230705_41_HappyTeenPatti\\assets\\res\\3\\bg.png.meta": {
    "time": 1688955814735.7104
  },
  "E:\\A2\\A20230705_41_HappyTeenPatti\\assets\\res\\3\\btn_see.png.meta": {
    "time": 1688955814740.6975
  },
  "E:\\A2\\A20230705_41_HappyTeenPatti\\assets\\res\\3\\chaal.png.meta": {
    "time": 1688955814742.6926
  },
  "E:\\A2\\A20230705_41_HappyTeenPatti\\assets\\res\\3\\colour.png.meta": {
    "time": 1688955814745.6843
  },
  "E:\\A2\\A20230705_41_HappyTeenPatti\\assets\\res\\3\\dban2.png.meta": {
    "time": 1688955814749.6738
  },
  "E:\\A2\\A20230705_41_HappyTeenPatti\\assets\\res\\3\\dban1.png.meta": {
    "time": 1688955814747.6792
  },
  "E:\\A2\\A20230705_41_HappyTeenPatti\\assets\\res\\3\\dban3.png.meta": {
    "time": 1688955814751.6685
  },
  "E:\\A2\\A20230705_41_HappyTeenPatti\\assets\\res\\3\\djs.png.meta": {
    "time": 1688955814754.6606
  },
  "E:\\A2\\A20230705_41_HappyTeenPatti\\assets\\res\\3\\fanhui.png.meta": {
    "time": 1688955814756.6553
  },
  "E:\\A2\\A20230705_41_HappyTeenPatti\\assets\\res\\3\\high.png.meta": {
    "time": 1688955814758.65
  },
  "E:\\A2\\A20230705_41_HappyTeenPatti\\assets\\res\\3\\lose.png.meta": {
    "time": 1688955814764.639
  },
  "E:\\A2\\A20230705_41_HappyTeenPatti\\assets\\res\\3\\packed.png.meta": {
    "time": 1688955814766.6348
  },
  "E:\\A2\\A20230705_41_HappyTeenPatti\\assets\\res\\3\\pair.png.meta": {
    "time": 1688955814769.6257
  },
  "E:\\A2\\A20230705_41_HappyTeenPatti\\assets\\res\\3\\park.png.meta": {
    "time": 1688955814771.6204
  },
  "E:\\A2\\A20230705_41_HappyTeenPatti\\assets\\res\\3\\sequence.png.meta": {
    "time": 1688955814778.6018
  },
  "E:\\A2\\A20230705_41_HappyTeenPatti\\assets\\res\\3\\pure sequence.png.meta": {
    "time": 1688955814773.615
  },
  "E:\\A2\\A20230705_41_HappyTeenPatti\\assets\\res\\3\\seen.png.meta": {
    "time": 1688955814776.607
  },
  "E:\\A2\\A20230705_41_HappyTeenPatti\\assets\\res\\3\\side show.png.meta": {
    "time": 1688955814780.5974
  },
  "E:\\A2\\A20230705_41_HappyTeenPatti\\assets\\res\\3\\trail.png.meta": {
    "time": 1688955814783.5884
  },
  "E:\\A2\\A20230705_41_HappyTeenPatti\\assets\\res\\2\\fanhui.png.meta": {
    "time": 1688955814684.8474
  },
  "E:\\A2\\A20230705_41_HappyTeenPatti\\assets\\res\\2\\mzk.png.meta": {
    "time": 1688955814686.842
  },
  "E:\\A2\\A20230705_41_HappyTeenPatti\\assets\\res\\2\\patti.png.meta": {
    "time": 1688955814691.8284
  },
  "E:\\A2\\A20230705_41_HappyTeenPatti\\assets\\res\\2\\sy.png.meta": {
    "time": 1688955814701.8022
  },
  "E:\\A2\\A20230705_41_HappyTeenPatti\\assets\\res\\2\\task.png.meta": {
    "time": 1688955814707.786
  },
  "E:\\A2\\A20230705_41_HappyTeenPatti\\assets\\res\\2\\wuefu.png.meta": {
    "time": 1688955814712.7725
  },
  "E:\\A2\\A20230705_41_HappyTeenPatti\\assets\\res\\2\\mzk.png": {
    "time": 1688438457257.322,
    "uuid": "a1f62224-b904-4097-b6e5-fa400168671d",
    "missing": false
  },
  "E:\\A2\\A20230705_41_HappyTeenPatti\\assets\\res\\2\\sy.png": {
    "time": 1688438457267.2952,
    "uuid": "f028d87f-7c5a-4090-8cfd-953ff8a468c1",
    "missing": false
  },
  "E:\\A2\\A20230705_41_HappyTeenPatti\\assets\\res\\2\\fanhui.png": {
    "time": 1688438457255.3274,
    "uuid": "d32d7448-6c7b-4f7c-813e-fb264fc6867f",
    "missing": false
  },
  "E:\\A2\\A20230705_41_HappyTeenPatti\\assets\\res\\2\\patti.png": {
    "time": 1688438457261.3113,
    "uuid": "3df8314a-d412-4ddf-8dcf-efa7793c74a3",
    "missing": false
  },
  "E:\\A2\\A20230705_41_HappyTeenPatti\\assets\\res\\2\\task.png": {
    "time": 1688438457271.2847,
    "uuid": "6da22cdc-f2ce-411e-8f64-3b6f27f2c608",
    "missing": false
  },
  "E:\\A2\\A20230705_41_HappyTeenPatti\\assets\\res\\2\\wuefu.png": {
    "time": 1688438457282.2551,
    "uuid": "29152487-df1a-4e95-8574-31484684168a",
    "missing": false
  },
  "E:\\A2\\A20230705_41_HappyTeenPatti\\assets\\res\\pai.meta": {
    "time": 1688955814585.1143
  },
  "E:\\A2\\A20230705_41_HappyTeenPatti\\assets\\res\\pai": {
    "time": 1688553799374.1616,
    "uuid": "2036726b-ac35-4506-84ed-b12c45f9bf3a",
    "missing": false
  },
  "E:\\A2\\A20230705_41_HappyTeenPatti\\assets\\res\\pai\\paibei.png.meta": {
    "time": 1688955814915.2358
  },
  "E:\\A2\\A20230705_41_HappyTeenPatti\\assets\\res\\pai\\0x0B.png.meta": {
    "time": 1688955814811.513
  },
  "E:\\A2\\A20230705_41_HappyTeenPatti\\assets\\res\\pai\\0x0D.png.meta": {
    "time": 1688955814817.4973
  },
  "E:\\A2\\A20230705_41_HappyTeenPatti\\assets\\res\\pai\\0x0A.png.meta": {
    "time": 1688955814809.5188
  },
  "E:\\A2\\A20230705_41_HappyTeenPatti\\assets\\res\\pai\\0x0C.png.meta": {
    "time": 1688955814814.505
  },
  "E:\\A2\\A20230705_41_HappyTeenPatti\\assets\\res\\pai\\0x1A.png.meta": {
    "time": 1688955814840.4363
  },
  "E:\\A2\\A20230705_41_HappyTeenPatti\\assets\\res\\pai\\0x01.png.meta": {
    "time": 1688955814788.575
  },
  "E:\\A2\\A20230705_41_HappyTeenPatti\\assets\\res\\pai\\0x1B.png.meta": {
    "time": 1688955814842.431
  },
  "E:\\A2\\A20230705_41_HappyTeenPatti\\assets\\res\\pai\\0x1C.png.meta": {
    "time": 1688955814844.425
  },
  "E:\\A2\\A20230705_41_HappyTeenPatti\\assets\\res\\pai\\0x1D.png.meta": {
    "time": 1688955814847.4182
  },
  "E:\\A2\\A20230705_41_HappyTeenPatti\\assets\\res\\pai\\0x2A.png.meta": {
    "time": 1688955814871.3538
  },
  "E:\\A2\\A20230705_41_HappyTeenPatti\\assets\\res\\pai\\0x02.png.meta": {
    "time": 1688955814791.567
  },
  "E:\\A2\\A20230705_41_HappyTeenPatti\\assets\\res\\pai\\0x2B.png.meta": {
    "time": 1688955814873.349
  },
  "E:\\A2\\A20230705_41_HappyTeenPatti\\assets\\res\\pai\\0x2C.png.meta": {
    "time": 1688955814876.3406
  },
  "E:\\A2\\A20230705_41_HappyTeenPatti\\assets\\res\\pai\\0x03.png.meta": {
    "time": 1688955814793.5618
  },
  "E:\\A2\\A20230705_41_HappyTeenPatti\\assets\\res\\pai\\0x2D.png.meta": {
    "time": 1688955814878.335
  },
  "E:\\A2\\A20230705_41_HappyTeenPatti\\assets\\res\\pai\\0x3A.png.meta": {
    "time": 1688955814903.2688
  },
  "E:\\A2\\A20230705_41_HappyTeenPatti\\assets\\res\\pai\\0x3B.png.meta": {
    "time": 1688955814906.2603
  },
  "E:\\A2\\A20230705_41_HappyTeenPatti\\assets\\res\\pai\\0x3D.png.meta": {
    "time": 1688955814911.2468
  },
  "E:\\A2\\A20230705_41_HappyTeenPatti\\assets\\res\\pai\\0x3C.png.meta": {
    "time": 1688955814908.255
  },
  "E:\\A2\\A20230705_41_HappyTeenPatti\\assets\\res\\pai\\0x04.png.meta": {
    "time": 1688955814795.5562
  },
  "E:\\A2\\A20230705_41_HappyTeenPatti\\assets\\res\\pai\\0x05.png.meta": {
    "time": 1688955814797.5508
  },
  "E:\\A2\\A20230705_41_HappyTeenPatti\\assets\\res\\pai\\0x07.png.meta": {
    "time": 1688955814802.5374
  },
  "E:\\A2\\A20230705_41_HappyTeenPatti\\assets\\res\\pai\\0x08.png.meta": {
    "time": 1688955814804.5315
  },
  "E:\\A2\\A20230705_41_HappyTeenPatti\\assets\\res\\pai\\0x06.png.meta": {
    "time": 1688955814800.5432
  },
  "E:\\A2\\A20230705_41_HappyTeenPatti\\assets\\res\\pai\\0x09.png.meta": {
    "time": 1688955814807.5244
  },
  "E:\\A2\\A20230705_41_HappyTeenPatti\\assets\\res\\pai\\0x11.png.meta": {
    "time": 1688955814819.4915
  },
  "E:\\A2\\A20230705_41_HappyTeenPatti\\assets\\res\\pai\\0x12.png.meta": {
    "time": 1688955814822.4841
  },
  "E:\\A2\\A20230705_41_HappyTeenPatti\\assets\\res\\pai\\0x13.png.meta": {
    "time": 1688955814824.479
  },
  "E:\\A2\\A20230705_41_HappyTeenPatti\\assets\\res\\pai\\0x15.png.meta": {
    "time": 1688955814828.4683
  },
  "E:\\A2\\A20230705_41_HappyTeenPatti\\assets\\res\\pai\\0x14.png.meta": {
    "time": 1688955814826.4736
  },
  "E:\\A2\\A20230705_41_HappyTeenPatti\\assets\\res\\pai\\0x16.png.meta": {
    "time": 1688955814830.4636
  },
  "E:\\A2\\A20230705_41_HappyTeenPatti\\assets\\res\\pai\\0x18.png.meta": {
    "time": 1688955814835.4497
  },
  "E:\\A2\\A20230705_41_HappyTeenPatti\\assets\\res\\pai\\0x17.png.meta": {
    "time": 1688955814833.4548
  },
  "E:\\A2\\A20230705_41_HappyTeenPatti\\assets\\res\\pai\\0x19.png.meta": {
    "time": 1688955814837.4448
  },
  "E:\\A2\\A20230705_41_HappyTeenPatti\\assets\\res\\pai\\0x22.png.meta": {
    "time": 1688955814852.4048
  },
  "E:\\A2\\A20230705_41_HappyTeenPatti\\assets\\res\\pai\\0x21.png.meta": {
    "time": 1688955814849.4119
  },
  "E:\\A2\\A20230705_41_HappyTeenPatti\\assets\\res\\pai\\0x23.png.meta": {
    "time": 1688955814854.3987
  },
  "E:\\A2\\A20230705_41_HappyTeenPatti\\assets\\res\\pai\\0x24.png.meta": {
    "time": 1688955814856.3926
  },
  "E:\\A2\\A20230705_41_HappyTeenPatti\\assets\\res\\pai\\0x26.png.meta": {
    "time": 1688955814861.3804
  },
  "E:\\A2\\A20230705_41_HappyTeenPatti\\assets\\res\\pai\\0x27.png.meta": {
    "time": 1688955814863.3757
  },
  "E:\\A2\\A20230705_41_HappyTeenPatti\\assets\\res\\pai\\0x25.png.meta": {
    "time": 1688955814859.3857
  },
  "E:\\A2\\A20230705_41_HappyTeenPatti\\assets\\res\\pai\\0x28.png.meta": {
    "time": 1688955814866.366
  },
  "E:\\A2\\A20230705_41_HappyTeenPatti\\assets\\res\\pai\\0x29.png.meta": {
    "time": 1688955814868.3618
  },
  "E:\\A2\\A20230705_41_HappyTeenPatti\\assets\\res\\pai\\0x31.png.meta": {
    "time": 1688955814881.327
  },
  "E:\\A2\\A20230705_41_HappyTeenPatti\\assets\\res\\pai\\0x32.png.meta": {
    "time": 1688955814883.322
  },
  "E:\\A2\\A20230705_41_HappyTeenPatti\\assets\\res\\pai\\0x33.png.meta": {
    "time": 1688955814886.3137
  },
  "E:\\A2\\A20230705_41_HappyTeenPatti\\assets\\res\\pai\\0x34.png.meta": {
    "time": 1688955814889.3054
  },
  "E:\\A2\\A20230705_41_HappyTeenPatti\\assets\\res\\pai\\0x36.png.meta": {
    "time": 1688955814894.2922
  },
  "E:\\A2\\A20230705_41_HappyTeenPatti\\assets\\res\\pai\\0x35.png.meta": {
    "time": 1688955814891.2996
  },
  "E:\\A2\\A20230705_41_HappyTeenPatti\\assets\\res\\pai\\0x37.png.meta": {
    "time": 1688955814896.2874
  },
  "E:\\A2\\A20230705_41_HappyTeenPatti\\assets\\res\\pai\\0x38.png.meta": {
    "time": 1688955814899.2786
  },
  "E:\\A2\\A20230705_41_HappyTeenPatti\\assets\\res\\pai\\0x39.png.meta": {
    "time": 1688955814901.2732
  },
  "E:\\A2\\A20230705_41_HappyTeenPatti\\assets\\res\\pai\\paibei.png": {
    "time": 1688438459047.939,
    "uuid": "936462b9-d916-4086-9322-3f3fc52626be",
    "missing": false
  },
  "E:\\A2\\A20230705_41_HappyTeenPatti\\assets\\res\\pai\\0x0D.png": {
    "time": 1688539874288.7144,
    "uuid": "c69fb559-5ed7-4002-8b7f-92ef8c0c6e16",
    "missing": false
  },
  "E:\\A2\\A20230705_41_HappyTeenPatti\\assets\\res\\pai\\0x0C.png": {
    "time": 1688539874285.7498,
    "uuid": "7f95f208-0a6a-4de1-8d27-9757d71ead98",
    "missing": false
  },
  "E:\\A2\\A20230705_41_HappyTeenPatti\\assets\\res\\pai\\0x0A.png": {
    "time": 1688539874279.726,
    "uuid": "921aa86c-77bc-489a-8f64-179159a0978b",
    "missing": false
  },
  "E:\\A2\\A20230705_41_HappyTeenPatti\\assets\\res\\pai\\0x0B.png": {
    "time": 1688539874282.718,
    "uuid": "fb973392-269f-4491-86be-18d0b480b4ad",
    "missing": false
  },
  "E:\\A2\\A20230705_41_HappyTeenPatti\\assets\\res\\pai\\0x1A.png": {
    "time": 1688539874316.6394,
    "uuid": "19f3159a-9ce2-49da-b8aa-23a2dc050763",
    "missing": false
  },
  "E:\\A2\\A20230705_41_HappyTeenPatti\\assets\\res\\pai\\0x1C.png": {
    "time": 1688539874322.654,
    "uuid": "5ed7e797-1168-4886-a7ce-9be5b66a95c7",
    "missing": false
  },
  "E:\\A2\\A20230705_41_HappyTeenPatti\\assets\\res\\pai\\0x01.png": {
    "time": 1688539874253.7954,
    "uuid": "35cda764-3274-4f97-9a27-97ce7ca01cc3",
    "missing": false
  },
  "E:\\A2\\A20230705_41_HappyTeenPatti\\assets\\res\\pai\\0x1D.png": {
    "time": 1688539874326.6125,
    "uuid": "3f163047-3915-4022-b7da-a41de567af6c",
    "missing": false
  },
  "E:\\A2\\A20230705_41_HappyTeenPatti\\assets\\res\\pai\\0x1B.png": {
    "time": 1688539874319.659,
    "uuid": "ee47cba5-b9e5-4e9e-bcba-673ad8a39ee6",
    "missing": false
  },
  "E:\\A2\\A20230705_41_HappyTeenPatti\\assets\\res\\pai\\0x2A.png": {
    "time": 1688539874354.538,
    "uuid": "86908e2c-fdc1-42c1-86ce-1d733fdad5e8",
    "missing": false
  },
  "E:\\A2\\A20230705_41_HappyTeenPatti\\assets\\res\\pai\\0x2B.png": {
    "time": 1688539874357.5303,
    "uuid": "0d48ded7-9433-4529-8c9b-21e254dcb809",
    "missing": false
  },
  "E:\\A2\\A20230705_41_HappyTeenPatti\\assets\\res\\pai\\0x02.png": {
    "time": 1688539874256.7876,
    "uuid": "96cc8b79-0781-4a29-a2be-08ed0fe713c8",
    "missing": false
  },
  "E:\\A2\\A20230705_41_HappyTeenPatti\\assets\\res\\pai\\0x2C.png": {
    "time": 1688539874360.522,
    "uuid": "cb69907b-c159-48d9-8dfd-3bd7b79d63ec",
    "missing": false
  },
  "E:\\A2\\A20230705_41_HappyTeenPatti\\assets\\res\\pai\\0x03.png": {
    "time": 1688539874259.7793,
    "uuid": "00597169-91aa-4aef-8afc-fff9427e08ec",
    "missing": false
  },
  "E:\\A2\\A20230705_41_HappyTeenPatti\\assets\\res\\pai\\0x2D.png": {
    "time": 1688539874363.514,
    "uuid": "a4885c28-f3fa-4a34-9990-bc60085b2069",
    "missing": false
  },
  "E:\\A2\\A20230705_41_HappyTeenPatti\\assets\\res\\pai\\0x3A.png": {
    "time": 1688539874394.4312,
    "uuid": "59b6509a-03fc-4878-98fe-47bec25faab3",
    "missing": false
  },
  "E:\\A2\\A20230705_41_HappyTeenPatti\\assets\\res\\pai\\0x3B.png": {
    "time": 1688539874396.4534,
    "uuid": "ecd3d7da-e6cb-49a6-b5de-6e86f3c8ac27",
    "missing": false
  },
  "E:\\A2\\A20230705_41_HappyTeenPatti\\assets\\res\\pai\\0x3C.png": {
    "time": 1688539874399.4177,
    "uuid": "60a7befe-e3dc-40f0-8a41-d8109625f46a",
    "missing": false
  },
  "E:\\A2\\A20230705_41_HappyTeenPatti\\assets\\res\\pai\\0x3D.png": {
    "time": 1688539874402.41,
    "uuid": "9ba60d16-b683-4ebe-aa38-9ef3e2d987c1",
    "missing": false
  },
  "E:\\A2\\A20230705_41_HappyTeenPatti\\assets\\res\\pai\\0x04.png": {
    "time": 1688539874262.7715,
    "uuid": "e9eb6ea9-2feb-47e0-a2da-ad9262fa60f3",
    "missing": false
  },
  "E:\\A2\\A20230705_41_HappyTeenPatti\\assets\\res\\pai\\0x05.png": {
    "time": 1688539874265.7632,
    "uuid": "47dcfde6-c743-4fe1-aa10-80a08e28d44f",
    "missing": false
  },
  "E:\\A2\\A20230705_41_HappyTeenPatti\\assets\\res\\pai\\0x08.png": {
    "time": 1688539874273.7424,
    "uuid": "3b6c0a08-3487-472e-a34c-c8e5a0f9ffa9",
    "missing": false
  },
  "E:\\A2\\A20230705_41_HappyTeenPatti\\assets\\res\\pai\\0x07.png": {
    "time": 1688539874270.75,
    "uuid": "b629be3f-54b0-463d-b0a7-24389c2f4ffb",
    "missing": false
  },
  "E:\\A2\\A20230705_41_HappyTeenPatti\\assets\\res\\pai\\0x06.png": {
    "time": 1688539874268.7551,
    "uuid": "b5f804fb-d6db-480c-aa60-5b83e63743dc",
    "missing": false
  },
  "E:\\A2\\A20230705_41_HappyTeenPatti\\assets\\res\\pai\\0x09.png": {
    "time": 1688539874276.7344,
    "uuid": "852409f1-83c2-434a-b9e6-b06242724e26",
    "missing": false
  },
  "E:\\A2\\A20230705_41_HappyTeenPatti\\assets\\res\\pai\\0x11.png": {
    "time": 1688539874291.706,
    "uuid": "fe8e9480-b54d-4382-9521-3fa2a954b086",
    "missing": false
  },
  "E:\\A2\\A20230705_41_HappyTeenPatti\\assets\\res\\pai\\0x12.png": {
    "time": 1688539874294.698,
    "uuid": "c1b93ce1-5c3e-43ed-8fcb-114f7cc09eca",
    "missing": false
  },
  "E:\\A2\\A20230705_41_HappyTeenPatti\\assets\\res\\pai\\0x13.png": {
    "time": 1688539874297.69,
    "uuid": "2e70b786-6bd5-4cd0-94a0-3adbc9fcfc0e",
    "missing": false
  },
  "E:\\A2\\A20230705_41_HappyTeenPatti\\assets\\res\\pai\\0x15.png": {
    "time": 1688539874302.6765,
    "uuid": "455f0199-4938-476c-a338-2b2c4a966079",
    "missing": false
  },
  "E:\\A2\\A20230705_41_HappyTeenPatti\\assets\\res\\pai\\0x14.png": {
    "time": 1688539874299.6846,
    "uuid": "90a6906c-15c8-4a68-af74-d7c8bea242c3",
    "missing": false
  },
  "E:\\A2\\A20230705_41_HappyTeenPatti\\assets\\res\\pai\\0x16.png": {
    "time": 1688539874305.6687,
    "uuid": "b553a647-de23-4a11-b92a-67f76eb583e0",
    "missing": false
  },
  "E:\\A2\\A20230705_41_HappyTeenPatti\\assets\\res\\pai\\0x18.png": {
    "time": 1688539874311.6526,
    "uuid": "47f741a4-162e-4479-a1ef-78d89c383402",
    "missing": false
  },
  "E:\\A2\\A20230705_41_HappyTeenPatti\\assets\\res\\pai\\0x17.png": {
    "time": 1688539874308.6611,
    "uuid": "738ba01b-562a-43f5-b9da-90715a542e7c",
    "missing": false
  },
  "E:\\A2\\A20230705_41_HappyTeenPatti\\assets\\res\\pai\\0x19.png": {
    "time": 1688539874313.6477,
    "uuid": "dcb0186e-1618-47c0-b8bd-9088146c1cc8",
    "missing": false
  },
  "E:\\A2\\A20230705_41_HappyTeenPatti\\assets\\res\\pai\\0x22.png": {
    "time": 1688539874331.5994,
    "uuid": "af004af1-5f95-4e84-b5df-fcefd6337f5b",
    "missing": false
  },
  "E:\\A2\\A20230705_41_HappyTeenPatti\\assets\\res\\pai\\0x21.png": {
    "time": 1688539874328.6074,
    "uuid": "4370b67a-88e7-4d28-9e29-3805c55220b3",
    "missing": false
  },
  "E:\\A2\\A20230705_41_HappyTeenPatti\\assets\\res\\pai\\0x23.png": {
    "time": 1688539874334.5913,
    "uuid": "183528f2-5beb-4aeb-bb4f-9951a61c2bba",
    "missing": false
  },
  "E:\\A2\\A20230705_41_HappyTeenPatti\\assets\\res\\pai\\0x26.png": {
    "time": 1688539874343.5674,
    "uuid": "908773e3-0914-4e2c-99d5-5d704f0c6f78",
    "missing": false
  },
  "E:\\A2\\A20230705_41_HappyTeenPatti\\assets\\res\\pai\\0x24.png": {
    "time": 1688539874337.5833,
    "uuid": "4a12a186-4394-493e-8bac-f5adf0fd70f9",
    "missing": false
  },
  "E:\\A2\\A20230705_41_HappyTeenPatti\\assets\\res\\pai\\0x27.png": {
    "time": 1688539874346.5593,
    "uuid": "2c38e9ef-8ed3-4f54-96a5-a37ba11f14e7",
    "missing": false
  },
  "E:\\A2\\A20230705_41_HappyTeenPatti\\assets\\res\\pai\\0x25.png": {
    "time": 1688539874340.5764,
    "uuid": "314a5ac6-8992-4f20-92cf-f7eaef1a9050",
    "missing": false
  },
  "E:\\A2\\A20230705_41_HappyTeenPatti\\assets\\res\\pai\\0x28.png": {
    "time": 1688539874349.5513,
    "uuid": "66d2bac8-0692-4978-8c87-5b95033df6c2",
    "missing": false
  },
  "E:\\A2\\A20230705_41_HappyTeenPatti\\assets\\res\\pai\\0x29.png": {
    "time": 1688539874351.5461,
    "uuid": "457691c3-3fab-40f6-96c8-dddcb6226c03",
    "missing": false
  },
  "E:\\A2\\A20230705_41_HappyTeenPatti\\assets\\res\\pai\\0x31.png": {
    "time": 1688539874366.5059,
    "uuid": "afd5c3b9-5f19-4a98-ab2f-ac168a63556e",
    "missing": false
  },
  "E:\\A2\\A20230705_41_HappyTeenPatti\\assets\\res\\pai\\0x32.png": {
    "time": 1688539874369.4978,
    "uuid": "f208c60e-4ef9-45f3-89f4-26c0f438bf2b",
    "missing": false
  },
  "E:\\A2\\A20230705_41_HappyTeenPatti\\assets\\res\\pai\\0x33.png": {
    "time": 1688539874372.4907,
    "uuid": "ec602ff6-d6be-4719-a6d0-d861fc88f07a",
    "missing": false
  },
  "E:\\A2\\A20230705_41_HappyTeenPatti\\assets\\res\\pai\\0x34.png": {
    "time": 1688539874376.4805,
    "uuid": "6e20da54-8025-4f09-9f2f-c8c1354bde65",
    "missing": false
  },
  "E:\\A2\\A20230705_41_HappyTeenPatti\\assets\\res\\pai\\0x36.png": {
    "time": 1688539874382.4907,
    "uuid": "9667c46c-be87-496f-a4f1-cd2144a19eb7",
    "missing": false
  },
  "E:\\A2\\A20230705_41_HappyTeenPatti\\assets\\res\\pai\\0x35.png": {
    "time": 1688539874379.499,
    "uuid": "e9768d50-81dd-4620-910c-43905175371e",
    "missing": false
  },
  "E:\\A2\\A20230705_41_HappyTeenPatti\\assets\\res\\pai\\0x37.png": {
    "time": 1688539874385.494,
    "uuid": "0f87af44-1ac0-4172-9de3-65b4e2e316e6",
    "missing": false
  },
  "E:\\A2\\A20230705_41_HappyTeenPatti\\assets\\res\\pai\\0x38.png": {
    "time": 1688539874388.4473,
    "uuid": "ca016f8f-f001-4db6-96a1-fd435a54b4ca",
    "missing": false
  },
  "E:\\A2\\A20230705_41_HappyTeenPatti\\assets\\res\\pai\\0x39.png": {
    "time": 1688539874391.44,
    "uuid": "cd6a227c-9d7c-4fe2-8e22-dba6fe0fccaa",
    "missing": false
  },
  "E:\\A2\\A20230705_41_HappyTeenPatti\\assets\\res\\3\\jb.png.meta": {
    "time": 1688955814760.65
  },
  "E:\\A2\\A20230705_41_HappyTeenPatti\\assets\\res\\3\\jbk.png.meta": {
    "time": 1688955814762.6443
  },
  "E:\\A2\\A20230705_41_HappyTeenPatti\\assets\\res\\3\\txk.png.meta": {
    "time": 1688955814785.583
  },
  "E:\\A2\\A20230705_41_HappyTeenPatti\\assets\\res\\3\\jbk.png": {
    "time": 1688438459039.9607,
    "uuid": "7bf6903e-ad29-4121-8e55-189f17faa045",
    "missing": false
  },
  "E:\\A2\\A20230705_41_HappyTeenPatti\\assets\\res\\3\\jb.png": {
    "time": 1688438459035.9658,
    "uuid": "9a8af3d1-5ea2-4a30-b4ee-8879487193f2",
    "missing": false
  },
  "E:\\A2\\A20230705_41_HappyTeenPatti\\assets\\res\\3\\txk.png": {
    "time": 1688438459067.8855,
    "uuid": "8e235b7e-88de-4e0a-bd5e-b704fbe4ad1f",
    "missing": false
  },
  "E:\\A2\\A20230705_41_HappyTeenPatti\\assets\\res\\Player.ts.meta": {
    "time": 1688955814587.1086
  },
  "E:\\A2\\A20230705_41_HappyTeenPatti\\assets\\res\\Player.ts": {
    "time": 1688614980079.18,
    "uuid": "dc3269d1-60b8-446b-a3f7-84209fb747a3",
    "missing": false
  },
  "E:\\A2\\A20230705_41_HappyTeenPatti\\assets\\game2.ts.meta": {
    "time": 1688955814518.3733
  },
  "E:\\A2\\A20230705_41_HappyTeenPatti\\assets\\game2.ts": {
    "time": 1688615073715.254,
    "uuid": "f5577465-6b23-4cd2-a6ee-2bbe40c08a6a",
    "missing": false
  },
  "E:\\A2\\A20230705_41_HappyTeenPatti\\assets\\resources.meta": {
    "time": 1688955814524.3577
  },
  "E:\\A2\\A20230705_41_HappyTeenPatti\\assets\\resources": {
    "time": 1688614805623.395,
    "uuid": "16b671af-4461-4ae2-abe6-7f925e94911a",
    "missing": false
  },
  "E:\\A2\\A20230705_41_HappyTeenPatti\\assets\\resources\\0.png.meta": {
    "time": 1688955814591.098
  },
  "E:\\A2\\A20230705_41_HappyTeenPatti\\assets\\resources\\0.png": {
    "time": 1685173179245.7395,
    "uuid": "bc2d013e-14e0-433e-a19e-37a827298e6e",
    "missing": false
  },
  "E:\\A2\\A20230705_41_HappyTeenPatti\\assets\\resources\\2.png.meta": {
    "time": 1688955814599.077
  },
  "E:\\A2\\A20230705_41_HappyTeenPatti\\assets\\resources\\2.png": {
    "time": 1685173179251.7239,
    "uuid": "5f46e449-a6ec-4901-8772-f145acce58a4",
    "missing": false
  },
  "E:\\A2\\A20230705_41_HappyTeenPatti\\assets\\resources\\1.png.meta": {
    "time": 1688955814594.0906
  },
  "E:\\A2\\A20230705_41_HappyTeenPatti\\assets\\resources\\1.png": {
    "time": 1685173179248.7317,
    "uuid": "c69e41ef-aa97-4a19-9457-e2763c9cc11f",
    "missing": false
  },
  "E:\\A2\\A20230705_41_HappyTeenPatti\\assets\\resources\\3.png.meta": {
    "time": 1688955814603.066
  },
  "E:\\A2\\A20230705_41_HappyTeenPatti\\assets\\resources\\3.png": {
    "time": 1685173179253.7185,
    "uuid": "378d5806-ecc9-41dd-9877-e9e1471638ce",
    "missing": false
  },
  "E:\\A2\\A20230705_41_HappyTeenPatti\\assets\\resources\\4.png.meta": {
    "time": 1688955814606.0571
  },
  "E:\\A2\\A20230705_41_HappyTeenPatti\\assets\\resources\\4.png": {
    "time": 1685173179256.71,
    "uuid": "0852bd15-9fe9-4c96-b2b1-f3341521990c",
    "missing": false
  }
}
