{
  "__type__": "cc.SpriteFrame",
  "content": {
    "name": "txk",
    "atlas": "",
    "rect": {
      "x": 0,
      "y": 0,
      "width": 127,
      "height": 148
    },
    "offset": {
      "x": 0,
      "y": 0
    },
    "originalSize": {
      "width": 127,
      "height": 148
    },
    "rotated": false,
    "capInsets": [
      0,
      0,
      0,
      0
    ],
    "vertices": {
      "rawPosition": [
        -63.5,
        -74,
        0,
        63.5,
        -74,
        0,
        -63.5,
        74,
        0,
        63.5,
        74,
        0
      ],
      "indexes": [
        0,
        1,
        2,
        2,
        1,
        3
      ],
      "uv": [
        0,
        148,
        127,
        148,
        0,
        0,
        127,
        0
      ],
      "nuv": [
        0,
        0,
        1,
        0,
        0,
        1,
        1,
        1
      ],
      "minPos": {
        "x": -63.5,
        "y": -74,
        "z": 0
      },
      "maxPos": {
        "x": 63.5,
        "y": 74,
        "z": 0
      }
    },
    "texture": "3e236f30-dc10-4fa7-b3fc-e73a2d05b2bd@6c48a",
    "packable": true,
    "pixelsToUnit": 100,
    "pivot": {
      "x": 0.5,
      "y": 0.5
    },
    "meshType": 0
  }
}