{
  "__type__": "cc.SpriteFrame",
  "content": {
    "name": "sequence",
    "atlas": "",
    "rect": {
      "x": 0,
      "y": 0,
      "width": 154,
      "height": 34
    },
    "offset": {
      "x": 0,
      "y": 0
    },
    "originalSize": {
      "width": 154,
      "height": 34
    },
    "rotated": false,
    "capInsets": [
      0,
      0,
      0,
      0
    ],
    "vertices": {
      "rawPosition": [
        -77,
        -17,
        0,
        77,
        -17,
        0,
        -77,
        17,
        0,
        77,
        17,
        0
      ],
      "indexes": [
        0,
        1,
        2,
        2,
        1,
        3
      ],
      "uv": [
        0,
        34,
        154,
        34,
        0,
        0,
        154,
        0
      ],
      "nuv": [
        0,
        0,
        1,
        0,
        0,
        1,
        1,
        1
      ],
      "minPos": {
        "x": -77,
        "y": -17,
        "z": 0
      },
      "maxPos": {
        "x": 77,
        "y": 17,
        "z": 0
      }
    },
    "texture": "3da03f51-a59d-4c47-88e6-dbc93c9e99e9@6c48a",
    "packable": true,
    "pixelsToUnit": 100,
    "pivot": {
      "x": 0.5,
      "y": 0.5
    },
    "meshType": 0
  }
}